Year,힙慤쌓뙈,헷뚠,굶뚠쏵헷,뚤癎쏵헷,Attendance,굶뚠븐탬,뚤癎븐탬,씐價헷,궐힙써벎,角뤠慶激힙,角뤠땜돛寮,써벎匡俚
2022,Final,Argentina,3,3,88966,0,0,0,1,1,0,틱애
2022,Third-place match,Croatia,2,1,44137,0,0,1,2,0,0,價적
2022,Semi-finals,France,2,0,68294,0,0,2,2,0,0,價적
2022,Semi-finals,Argentina,3,0,88966,0,0,3,2,0,0,價적
2022,Quarter-finals,Morocco,1,0,44198,0,0,1,2,1,0,價적
2022,Quarter-finals,England,1,2,68895,0,0,-1,0,1,0,쭝겨
2022,Quarter-finals,Croatia,1,1,43893,0,0,0,1,1,0,틱애
2022,Quarter-finals,Netherlands,2,2,88235,0,0,0,1,1,0,틱애
2022,Round of 16,Morocco,0,0,44667,0,0,0,1,1,0,틱애
2022,Round of 16,Portugal,6,1,83720,0,0,5,2,1,0,價적
2022,Round of 16,Japan,1,1,42523,0,0,0,1,1,0,틱애
2022,Round of 16,Brazil,4,1,43847,0,0,3,2,1,0,價적
2022,Round of 16,France,3,1,40989,0,0,2,2,1,0,價적
2022,Round of 16,England,3,0,65985,0,0,3,2,1,0,價적
2022,Round of 16,Netherlands,3,1,44846,0,0,2,2,1,0,價적
2022,Round of 16,Argentina,2,1,45032,0,0,1,2,1,0,價적
2022,Group stage,Korea Republic,2,1,44097,0,0,1,2,0,0,價적
2022,Group stage,Ghana,0,2,43443,0,0,-2,0,0,0,쭝겨
2022,Group stage,Cameroon,1,0,85986,0,0,1,2,0,0,價적
2022,Group stage,Serbia,2,3,41378,0,0,-1,0,0,0,쭝겨
2022,Group stage,Canada,1,2,43102,0,0,-1,0,0,0,쭝겨
2022,Group stage,Croatia,0,0,43984,0,0,0,1,0,0,틱애
2022,Group stage,Costa Rica,2,4,67054,0,0,-2,0,0,0,쭝겨
2022,Group stage,Japan,2,1,44851,0,0,1,2,0,0,價적
2022,Group stage,Australia,1,0,41232,0,0,1,2,0,0,價적
2022,Group stage,Tunisia,1,0,43627,0,0,1,2,0,0,價적
2022,Group stage,Saudi Arabia,1,2,84985,0,0,-1,0,0,0,쭝겨
2022,Group stage,Poland,0,2,44089,0,0,-2,0,0,0,쭝겨
2022,Group stage,Ecuador,1,2,44569,0,0,-1,0,0,0,쭝겨
2022,Group stage,Netherlands,2,0,66784,0,0,2,2,0,0,價적
2022,Group stage,IR Iran,0,1,42127,0,0,-1,0,0,0,쭝겨
2022,Group stage,Wales,0,3,44297,0,0,-3,0,0,0,쭝겨
2022,Group stage,Cameroon,3,3,39789,0,0,0,1,0,0,틱애
2022,Group stage,Korea Republic,2,3,43983,1,0,-1,0,0,0,쭝겨
2022,Group stage,Brazil,1,0,43649,0,0,1,2,0,0,價적
2022,Group stage,Portugal,2,0,88668,0,0,2,2,0,0,價적
2022,Group stage,Japan,0,1,41479,0,0,-1,0,0,0,쭝겨
2022,Group stage,Belgium,0,2,43738,0,0,-2,0,0,0,쭝겨
2022,Group stage,Croatia,4,1,44374,0,0,3,2,0,0,價적
2022,Group stage,Spain,1,1,68895,0,0,0,1,0,0,틱애
2022,Group stage,Tunisia,0,1,41823,0,0,-1,0,0,0,쭝겨
2022,Group stage,Poland,2,0,44259,0,0,2,2,0,0,價적
2022,Group stage,France,2,1,42860,0,0,1,2,0,0,價적
2022,Group stage,Argentina,2,0,88966,0,0,2,2,0,0,價적
2022,Group stage,Wales,0,2,40875,1,0,-2,0,0,0,쭝겨
2022,Group stage,Qatar,1,3,41797,0,0,-2,0,0,1,쭝겨
2022,Group stage,Netherlands,1,1,44833,0,0,0,1,0,0,틱애
2022,Group stage,England,0,0,68463,0,0,0,1,0,0,틱애
2022,Group stage,Switzerland,1,0,39089,0,0,1,2,0,0,價적
2022,Group stage,Uruguay,0,0,41663,0,0,0,1,0,0,틱애
2022,Group stage,Portugal,3,2,42662,0,0,1,2,0,0,價적
2022,Group stage,Brazil,2,0,88103,0,0,2,2,0,0,價적
2022,Group stage,Morocco,0,0,59407,0,0,0,1,0,0,틱애
2022,Group stage,Germany,1,2,42608,0,0,-1,0,0,0,쭝겨
2022,Group stage,Belgium,1,0,40432,0,0,1,2,0,0,價적
2022,Group stage,Argentina,1,2,88012,0,0,-1,0,0,0,쭝겨
2022,Group stage,Denmark,0,0,42925,0,0,0,1,0,0,틱애
2022,Group stage,Mexico,0,0,39369,0,0,0,1,0,0,틱애
2022,Group stage,France,4,1,40875,0,0,3,2,0,0,價적
2022,Group stage,England,6,2,45334,0,0,4,2,0,0,價적
2022,Group stage,Senegal,0,2,41721,0,0,-2,0,0,0,쭝겨
2022,Group stage,United States,1,1,43418,0,0,0,1,0,0,틱애
2022,Group stage,Qatar,0,2,67372,0,0,-2,0,0,1,쭝겨
2018,Final,France,4,2,78011,0,0,2,2,1,0,價적
2018,Third-place match,Belgium,2,0,64406,0,0,2,2,0,0,價적
2018,Semi-finals,Croatia,2,1,78011,0,0,1,2,0,0,價적
2018,Semi-finals,France,1,0,64286,0,0,1,2,0,0,價적
2018,Quarter-finals,Sweden,0,2,39991,0,0,-2,0,1,0,쭝겨
2018,Quarter-finals,Russia,2,2,44287,0,0,0,1,1,1,틱애
2018,Quarter-finals,Uruguay,0,2,43319,0,0,-2,0,1,0,쭝겨
2018,Quarter-finals,Brazil,1,2,42873,0,0,-1,0,1,0,쭝겨
2018,Round of 16,Sweden,1,0,64042,0,1,1,2,1,0,價적
2018,Round of 16,Colombia,1,1,44190,0,0,0,1,1,0,틱애
2018,Round of 16,Brazil,2,0,41970,0,0,2,2,1,0,價적
2018,Round of 16,Belgium,3,2,41466,0,0,1,2,1,0,價적
2018,Round of 16,Spain,1,1,78011,0,0,0,1,1,0,틱애
2018,Round of 16,Croatia,1,1,40851,0,0,0,1,1,0,틱애
2018,Round of 16,France,4,3,42873,0,0,1,2,1,0,價적
2018,Round of 16,Uruguay,2,1,44287,0,0,1,2,1,0,價적
2018,Group stage,Japan,0,1,42189,0,0,-1,0,0,0,쭝겨
2018,Group stage,Senegal,0,1,41970,0,0,-1,0,0,0,쭝겨
2018,Group stage,England,0,1,33973,0,0,-1,0,0,0,쭝겨
2018,Group stage,Panama,1,2,37168,0,0,-1,0,0,0,쭝겨
2018,Group stage,Korea Republic,2,0,41835,0,0,2,2,0,0,價적
2018,Group stage,Mexico,0,3,33061,0,0,-3,0,0,0,쭝겨
2018,Group stage,Switzerland,2,2,43319,0,0,0,1,0,0,틱애
2018,Group stage,Serbia,0,2,44190,0,0,-2,0,0,0,쭝겨
2018,Group stage,Australia,0,2,44073,0,0,-2,0,0,0,쭝겨
2018,Group stage,Denmark,0,0,78011,0,0,0,1,0,0,틱애
2018,Group stage,Iceland,1,2,43472,0,0,-1,0,0,0,쭝겨
2018,Group stage,Nigeria,1,2,64468,0,0,-1,0,0,0,쭝겨
2018,Group stage,Saudi Arabia,2,1,36823,0,0,1,2,0,0,價적
2018,Group stage,Uruguay,3,0,41970,0,0,3,2,0,0,價적
2018,Group stage,Spain,2,2,33973,0,0,0,1,0,0,틱애
2018,Group stage,IR Iran,1,1,41685,0,0,0,1,0,0,틱애
2018,Group stage,England,6,1,43319,0,0,5,2,0,0,價적
2018,Group stage,Japan,2,2,32572,0,0,0,1,0,0,틱애
2018,Group stage,Poland,0,3,42873,0,0,-3,0,0,0,쭝겨
2018,Group stage,Belgium,5,2,44190,0,0,3,2,0,0,價적
2018,Group stage,Korea Republic,1,2,43472,0,0,-1,0,0,0,쭝겨
2018,Group stage,Germany,2,1,44287,0,0,1,2,0,0,價적
2018,Group stage,Brazil,2,0,64468,0,0,2,2,0,0,價적
2018,Group stage,Nigeria,2,0,40904,0,0,2,2,0,0,價적
2018,Group stage,Serbia,1,2,33167,0,0,-1,0,0,0,쭝겨
2018,Group stage,Denmark,1,1,40727,0,0,0,1,0,0,틱애
2018,Group stage,France,1,0,32789,0,0,1,2,0,0,價적
2018,Group stage,Argentina,0,3,43319,0,0,-3,0,0,0,쭝겨
2018,Group stage,Portugal,1,0,78011,0,0,1,2,0,0,價적
2018,Group stage,Uruguay,1,0,42678,0,0,1,2,0,0,價적
2018,Group stage,IR Iran,0,1,42718,0,0,-1,0,0,0,쭝겨
2018,Group stage,Colombia,1,2,40842,1,0,-1,0,0,0,쭝겨
2018,Group stage,Poland,1,2,44190,0,0,-1,0,0,0,쭝겨
2018,Group stage,Russia,3,1,64468,0,0,2,2,0,1,價적
2018,Group stage,Sweden,1,0,42300,0,0,1,2,0,0,價적
2018,Group stage,Belgium,3,0,43257,0,0,3,2,0,0,價적
2018,Group stage,Tunisia,1,2,41064,0,0,-1,0,0,0,쭝겨
2018,Group stage,Costa Rica,0,1,41432,0,0,-1,0,0,0,쭝겨
2018,Group stage,Germany,0,1,78011,0,0,-1,0,0,0,쭝겨
2018,Group stage,Brazil,1,1,43109,0,0,0,1,0,0,틱애
2018,Group stage,France,2,1,41279,0,0,1,2,0,0,價적
2018,Group stage,Argentina,1,1,44190,0,0,0,1,0,0,틱애
2018,Group stage,Peru,0,1,40502,0,0,-1,0,0,0,쭝겨
2018,Group stage,Croatia,2,0,31136,0,0,2,2,0,0,價적
2018,Group stage,Egypt,0,1,27015,0,0,-1,0,0,0,쭝겨
2018,Group stage,Morocco,0,1,62548,0,0,-1,0,0,0,쭝겨
2018,Group stage,Portugal,3,3,43866,0,0,0,1,0,0,틱애
2018,Group stage,Russia,5,0,78011,0,0,5,2,0,1,價적
2014,Final,Germany,1,0,74738,0,0,1,2,1,0,價적
2014,Third-place match,Brazil,0,3,68034,0,0,-3,0,0,1,쭝겨
2014,Semi-finals,Netherlands,0,0,63267,0,0,0,1,0,0,틱애
2014,Quarter-finals,Argentina,1,0,68551,0,0,1,2,1,0,價적
2014,Quarter-finals,Netherlands,0,0,51179,0,0,0,1,1,0,틱애
2014,Quarter-finals,France,0,1,74240,0,0,-1,0,1,0,쭝겨
2014,Quarter-finals,Brazil,2,1,60342,0,0,1,2,1,1,價적
2014,Round of 16,Argentina,1,0,63255,0,0,1,2,1,0,價적
2014,Round of 16,Belgium,2,1,51227,0,0,1,2,1,0,價적
2014,Round of 16,France,2,0,67882,0,0,2,2,1,0,價적
2014,Round of 16,Germany,2,1,43063,0,0,1,2,1,0,價적
2014,Round of 16,Netherlands,2,1,58817,0,0,1,2,1,0,價적
2014,Round of 16,Costa Rica,1,1,41242,0,0,0,1,1,0,틱애
2014,Round of 16,Brazil,1,1,57714,0,0,0,1,1,1,틱애
2014,Round of 16,Colombia,2,0,73804,0,0,2,2,1,0,價적
2014,Group stage,United States,0,1,41876,0,0,-1,0,0,0,쭝겨
2014,Group stage,Portugal,2,1,67540,0,0,1,2,0,0,價적
2014,Group stage,Korea Republic,0,1,61397,0,1,-1,0,0,0,쭝겨
2014,Group stage,Algeria,1,1,39311,0,0,0,1,0,0,틱애
2014,Group stage,Bosnia and Herzegovina,3,1,48011,0,0,2,2,0,0,價적
2014,Group stage,Nigeria,2,3,43285,0,0,-1,0,0,0,쭝겨
2014,Group stage,Honduras,0,3,40322,0,0,-3,0,0,0,쭝겨
2014,Group stage,Ecuador,0,0,73749,1,0,0,1,0,0,틱애
2014,Group stage,Costa Rica,0,0,57823,0,0,0,1,0,0,틱애
2014,Group stage,Italy,0,1,39706,1,0,-1,0,0,0,쭝겨
2014,Group stage,Japan,1,4,40340,0,0,-3,0,0,0,쭝겨
2014,Group stage,Greece,2,1,59095,0,0,1,2,0,0,價적
2014,Group stage,Australia,0,3,39375,0,0,-3,0,0,0,쭝겨
2014,Group stage,Netherlands,2,0,62996,0,0,2,2,0,0,價적
2014,Group stage,Croatia,1,3,41212,1,0,-2,0,0,0,쭝겨
2014,Group stage,Cameroon,1,4,69112,0,0,-3,0,0,0,쭝겨
2014,Group stage,Belgium,1,0,73819,0,0,1,2,0,0,價적
2014,Group stage,Korea Republic,2,4,42732,0,0,-2,0,0,0,쭝겨
2014,Group stage,United States,2,2,40123,0,0,0,1,0,0,틱애
2014,Group stage,Argentina,1,0,57698,0,0,1,2,0,0,價적
2014,Group stage,Germany,2,2,59621,0,0,0,1,0,0,틱애
2014,Group stage,Nigeria,1,0,40499,0,0,1,2,0,0,價적
2014,Group stage,Italy,0,1,40285,0,0,-1,0,0,0,쭝겨
2014,Group stage,Switzerland,2,5,51003,0,0,-3,0,0,0,쭝겨
2014,Group stage,Honduras,1,2,39224,0,0,-1,0,0,0,쭝겨
2014,Group stage,Colombia,2,1,68748,0,0,1,2,0,0,價적
2014,Group stage,Uruguay,2,1,62575,0,0,1,2,0,0,價적
2014,Group stage,Japan,0,0,39485,0,0,0,1,0,0,틱애
2014,Group stage,Australia,2,3,42877,0,0,-1,0,0,0,쭝겨
2014,Group stage,Spain,0,2,74101,0,0,-2,0,0,0,쭝겨
2014,Group stage,Cameroon,0,4,39982,1,0,-4,0,0,0,쭝겨
2014,Group stage,Belgium,2,1,56800,0,0,1,2,0,0,價적
2014,Group stage,Brazil,0,0,60342,0,0,0,1,0,1,틱애
2014,Group stage,Russia,1,1,37603,0,0,0,1,0,0,틱애
2014,Group stage,Germany,4,0,51081,0,1,4,2,0,0,價적
2014,Group stage,IR Iran,0,0,39081,0,0,0,1,0,0,틱애
2014,Group stage,Ghana,1,2,39760,0,0,-1,0,0,0,쭝겨
2014,Group stage,Switzerland,2,1,68351,0,0,1,2,0,0,價적
2014,Group stage,France,3,0,43012,0,0,3,2,0,0,價적
2014,Group stage,Argentina,2,1,74738,0,0,1,2,0,0,價적
2014,Group stage,Colombia,3,0,57174,0,0,3,2,0,0,價적
2014,Group stage,Uruguay,1,3,58679,1,0,-2,0,0,0,쭝겨
2014,Group stage,England,1,2,39800,0,0,-1,0,0,0,쭝겨
2014,Group stage,C?te d'Ivoire,2,1,40267,0,0,1,2,0,0,價적
2014,Group stage,Mexico,1,0,39216,0,0,1,2,0,0,價적
2014,Group stage,Spain,1,5,48173,0,0,-4,0,0,0,쭝겨
2014,Group stage,Chile,3,1,40275,0,0,2,2,0,0,價적
2014,Group stage,Brazil,3,1,62103,0,0,2,2,0,1,價적
2010,Final,Netherlands,0,1,84490,0,0,-1,0,1,0,쭝겨
2010,Third-place match,Uruguay,2,3,36254,0,0,-1,0,0,0,쭝겨
2010,Semi-finals,Germany,0,1,60960,0,0,-1,0,0,0,쭝겨
2010,Semi-finals,Uruguay,2,3,62479,0,0,-1,0,0,0,쭝겨
2010,Quarter-finals,Argentina,0,4,64100,0,0,-4,0,1,0,쭝겨
2010,Quarter-finals,Paraguay,0,1,55359,0,0,-1,0,1,0,쭝겨
2010,Quarter-finals,Netherlands,2,1,40186,0,0,1,2,1,0,價적
2010,Quarter-finals,Uruguay,1,1,84017,1,0,0,1,1,0,틱애
2010,Round of 16,Paraguay,0,0,36742,0,0,0,1,1,0,틱애
2010,Round of 16,Spain,1,0,62955,0,1,1,2,1,0,價적
2010,Round of 16,Netherlands,2,1,61962,0,0,1,2,1,0,價적
2010,Round of 16,Brazil,3,0,54096,0,0,3,2,1,0,價적
2010,Round of 16,Germany,4,1,40510,0,0,3,2,1,0,價적
2010,Round of 16,Argentina,3,1,84377,0,0,2,2,1,0,價적
2010,Round of 16,Uruguay,2,1,30597,0,0,1,2,1,0,價적
2010,Round of 16,United States,1,2,34976,0,0,-1,0,1,0,쭝겨
2010,Group stage,Portugal,0,0,62712,0,0,0,1,0,0,틱애
2010,Group stage,Korea DPR,0,3,34763,0,0,-3,0,0,0,쭝겨
2010,Group stage,Chile,1,2,41958,0,0,-1,0,0,0,쭝겨
2010,Group stage,Switzerland,0,0,28042,0,0,0,1,0,0,틱애
2010,Group stage,Paraguay,0,0,34850,0,0,0,1,0,0,틱애
2010,Group stage,Slovakia,3,2,53412,0,0,1,2,0,0,價적
2010,Group stage,Denmark,1,3,27967,0,0,-2,0,0,0,쭝겨
2010,Group stage,Cameroon,1,2,63093,0,0,-1,0,0,0,쭝겨
2010,Group stage,Slovenia,0,1,36893,0,0,-1,0,0,0,쭝겨
2010,Group stage,United States,1,0,35827,0,0,1,2,0,0,價적
2010,Group stage,Ghana,0,1,83391,0,0,-1,0,0,0,쭝겨
2010,Group stage,Australia,2,1,37836,0,0,1,2,0,0,價적
2010,Group stage,Mexico,0,1,33425,0,0,-1,0,0,0,쭝겨
2010,Group stage,France,1,2,39415,1,0,-1,0,0,0,쭝겨
2010,Group stage,Nigeria,2,2,61874,0,0,0,1,0,0,틱애
2010,Group stage,Greece,0,2,38891,0,0,-2,0,0,0,쭝겨
2010,Group stage,Chile,1,0,34872,0,0,1,2,0,0,價적
2010,Group stage,Spain,2,0,54386,0,0,2,2,0,0,價적
2010,Group stage,Slovakia,0,2,26643,0,0,-2,0,0,0,쭝겨
2010,Group stage,Italy,1,1,38229,0,0,0,1,0,0,틱애
2010,Group stage,Brazil,3,1,84455,0,0,2,2,0,0,價적
2010,Group stage,Netherlands,1,0,62010,0,0,1,2,0,0,價적
2010,Group stage,Ghana,1,1,34812,0,1,0,1,0,0,틱애
2010,Group stage,Cameroon,1,2,38074,0,0,-1,0,0,0,쭝겨
2010,Group stage,Germany,0,1,38294,0,0,-1,0,0,0,쭝겨
2010,Group stage,Slovenia,2,2,45573,0,0,0,1,0,0,틱애
2010,Group stage,England,0,0,64100,0,0,0,1,0,0,틱애
2010,Group stage,Argentina,4,1,82174,0,0,3,2,0,0,價적
2010,Group stage,Greece,2,1,31593,0,0,1,2,0,0,價적
2010,Group stage,France,0,2,35370,0,0,-2,0,0,0,쭝겨
2010,Group stage,Honduras,0,1,32664,0,0,-1,0,0,0,쭝겨
2010,Group stage,Spain,0,1,62453,0,0,-1,0,0,0,쭝겨
2010,Group stage,South Africa,0,3,42658,0,0,-3,0,0,1,쭝겨
2010,Group stage,New Zealand,1,1,23871,0,0,0,1,0,0,틱애
2010,Group stage,C?te d'Ivoire,0,0,37034,0,0,0,1,0,0,틱애
2010,Group stage,Brazil,2,1,54331,0,0,1,2,0,0,價적
2010,Group stage,Netherlands,2,0,83465,0,0,2,2,0,0,價적
2010,Group stage,Japan,1,0,30620,0,0,1,2,0,0,價적
2010,Group stage,Italy,1,1,62869,0,0,0,1,0,0,틱애
2010,Group stage,Algeria,0,1,30325,0,0,-1,0,0,0,쭝겨
2010,Group stage,Serbia,0,1,38833,0,0,-1,0,0,0,쭝겨
2010,Group stage,Germany,4,0,62660,0,1,4,2,0,0,價적
2010,Group stage,Korea Republic,2,0,31513,0,0,2,2,0,0,價적
2010,Group stage,Argentina,1,0,55686,0,0,1,2,0,0,價적
2010,Group stage,England,1,1,38646,0,0,0,1,0,0,틱애
2010,Group stage,South Africa,1,1,84490,0,0,0,1,0,1,틱애
2010,Group stage,Uruguay,0,0,64100,1,0,0,1,0,0,틱애
2006,Final,Italy,1,1,69000,0,1,0,1,1,0,틱애
2006,Third-place match,Germany,3,1,52000,0,0,2,2,0,1,價적
2006,Semi-finals,Portugal,0,1,66000,0,0,-1,0,0,0,쭝겨
2006,Semi-finals,Germany,0,2,65000,0,0,-2,0,0,1,쭝겨
2006,Quarter-finals,England,0,0,52000,1,0,0,1,1,0,틱애
2006,Quarter-finals,Brazil,0,1,48000,0,0,-1,0,1,0,쭝겨
2006,Quarter-finals,Germany,1,1,72000,0,0,0,1,1,1,틱애
2006,Quarter-finals,Italy,3,0,50000,0,0,3,2,1,0,價적
2006,Round of 16,Brazil,3,0,65000,0,0,3,2,1,0,價적
2006,Round of 16,Spain,1,3,43000,0,0,-2,0,1,0,쭝겨
2006,Round of 16,Italy,1,0,46000,1,0,1,2,1,0,價적
2006,Round of 16,Switzerland,0,0,45000,0,0,0,1,1,0,틱애
2006,Round of 16,England,1,0,52000,0,0,1,2,1,0,價적
2006,Round of 16,Portugal,1,0,41000,0,0,1,2,1,0,價적
2006,Round of 16,Germany,2,0,66000,0,0,2,2,1,1,價적
2006,Round of 16,Argentina,2,1,43000,0,0,1,2,1,0,價적
2006,Group stage,Saudi Arabia,0,1,46000,0,0,-1,0,0,0,쭝겨
2006,Group stage,Ukraine,1,0,72000,0,0,1,2,0,0,價적
2006,Group stage,Togo,0,2,45000,0,0,-2,0,0,0,쭝겨
2006,Group stage,Switzerland,2,0,43000,0,0,2,2,0,0,價적
2006,Group stage,Ghana,2,1,41000,0,0,1,2,0,0,價적
2006,Group stage,Czech Republic,0,2,50000,0,0,-2,0,0,0,쭝겨
2006,Group stage,Japan,1,4,65000,0,0,-3,0,0,0,쭝겨
2006,Group stage,Croatia,2,2,52000,0,0,0,1,0,0,틱애
2006,Group stage,Portugal,2,1,52000,0,0,1,2,0,0,價적
2006,Group stage,IR Iran,1,1,38000,0,0,0,1,0,0,틱애
2006,Group stage,C?te d'Ivoire,3,2,66000,0,0,1,2,0,0,價적
2006,Group stage,Netherlands,0,0,48000,0,0,0,1,0,0,틱애
2006,Group stage,Costa Rica,1,2,43000,0,0,-1,0,0,0,쭝겨
2006,Group stage,Ecuador,0,3,72000,0,0,-3,0,0,0,쭝겨
2006,Group stage,Paraguay,2,0,46000,0,0,2,2,0,0,價적
2006,Group stage,Sweden,2,2,45000,0,0,0,1,0,0,틱애
2006,Group stage,Togo,0,2,65000,0,0,-2,0,0,0,쭝겨
2006,Group stage,Saudi Arabia,0,4,50000,0,0,-4,0,0,0,쭝겨
2006,Group stage,Spain,3,1,52000,0,0,2,2,0,0,價적
2006,Group stage,Japan,0,0,41000,0,0,0,1,0,0,틱애
2006,Group stage,Brazil,2,0,66000,0,0,2,2,0,0,價적
2006,Group stage,France,1,1,43000,0,0,0,1,0,0,틱애
2006,Group stage,Portugal,2,0,48000,0,0,2,2,0,0,價적
2006,Group stage,Czech Republic,0,2,45000,1,0,-2,0,0,0,쭝겨
2006,Group stage,Italy,1,1,46000,1,1,0,1,0,0,틱애
2006,Group stage,Argentina,6,0,52000,0,1,6,2,0,0,價적
2006,Group stage,Netherlands,2,1,52000,0,0,1,2,0,0,價적
2006,Group stage,Mexico,0,0,43000,0,0,0,1,0,0,틱애
2006,Group stage,Ecuador,3,0,50000,0,0,3,2,0,0,價적
2006,Group stage,England,2,0,41000,0,0,2,2,0,0,價적
2006,Group stage,Sweden,1,0,72000,0,0,1,2,0,0,價적
2006,Group stage,Spain,4,0,43000,0,1,4,2,0,0,價적
2006,Group stage,Tunisia,2,2,66000,0,0,0,1,0,0,틱애
2006,Group stage,Germany,1,0,65000,0,0,1,2,0,1,價적
2006,Group stage,Korea Republic,2,1,48000,0,0,1,2,0,0,價적
2006,Group stage,France,0,0,52000,0,0,0,1,0,0,틱애
2006,Group stage,Brazil,1,0,72000,0,0,1,2,0,0,價적
2006,Group stage,Australia,3,1,46000,0,0,2,2,0,0,價적
2006,Group stage,United States,0,3,52000,0,0,-3,0,0,0,쭝겨
2006,Group stage,Italy,2,0,43000,0,0,2,2,0,0,價적
2006,Group stage,Serbia and Montenegro,0,1,37216,0,0,-1,0,0,0,쭝겨
2006,Group stage,Mexico,3,1,41000,0,0,2,2,0,0,價적
2006,Group stage,Angola,0,1,45000,0,0,-1,0,0,0,쭝겨
2006,Group stage,England,1,0,48000,0,0,1,2,0,0,價적
2006,Group stage,Trinidad and Tobago,0,0,62959,0,0,0,1,0,0,틱애
2006,Group stage,Argentina,2,1,49480,0,0,1,2,0,0,價적
2006,Group stage,Germany,4,2,64950,0,0,2,2,0,1,價적
2006,Group stage,Poland,0,2,52000,0,0,-2,0,0,0,쭝겨
2002,Final,Germany,0,2,69029,0,0,-2,0,1,0,쭝겨
2002,Third-place match,Korea Republic,2,3,63483,0,0,-1,0,0,0,쭝겨
2002,Semi-finals,Brazil,1,0,61058,0,0,1,2,0,0,價적
2002,Semi-finals,Germany,1,0,65625,0,0,1,2,0,0,價적
2002,Quarter-finals,Spain,0,0,42114,0,0,0,1,1,0,틱애
2002,Quarter-finals,Senegal,0,1,44233,0,0,-1,0,1,0,쭝겨
2002,Quarter-finals,England,1,2,47436,0,1,-1,0,1,0,쭝겨
2002,Quarter-finals,Germany,1,0,37337,0,0,1,2,1,0,價적
2002,Round of 16,Japan,0,1,45666,0,0,-1,0,1,0,쭝겨
2002,Round of 16,Korea Republic,2,1,38588,0,0,1,2,1,0,價적
2002,Round of 16,Mexico,0,2,36380,1,0,-2,0,1,0,쭝겨
2002,Round of 16,Brazil,2,0,40440,0,0,2,2,1,0,價적
2002,Round of 16,Sweden,1,2,39747,0,0,-1,0,1,0,쭝겨
2002,Round of 16,Spain,1,1,38926,0,0,0,1,1,0,틱애
2002,Round of 16,Germany,1,0,25176,0,1,1,2,1,0,價적
2002,Round of 16,Denmark,0,3,40582,0,0,-3,0,1,0,쭝겨
2002,Group stage,Tunisia,0,2,45213,0,0,-2,0,0,0,쭝겨
2002,Group stage,Belgium,3,2,46640,0,0,1,2,0,0,價적
2002,Group stage,Portugal,0,1,50239,1,0,-1,0,0,0,쭝겨
2002,Group stage,Poland,3,1,26482,0,0,2,2,0,0,價적
2002,Group stage,Costa Rica,2,5,38524,0,0,-3,0,0,0,쭝겨
2002,Group stage,T㉨rkiye,3,0,43605,0,1,3,2,0,0,價적
2002,Group stage,Mexico,1,1,39291,0,0,0,1,0,0,틱애
2002,Group stage,Ecuador,1,0,65862,0,0,1,2,0,0,價적
2002,Group stage,Sweden,1,1,45777,0,0,0,1,0,0,틱애
2002,Group stage,Nigeria,0,0,44864,0,0,0,1,0,0,틱애
2002,Group stage,South Africa,2,3,31024,0,0,-1,0,0,0,쭝겨
2002,Group stage,Slovenia,1,3,30176,1,0,-2,0,0,0,쭝겨
2002,Group stage,Denmark,2,0,48100,0,0,2,2,0,0,價적
2002,Group stage,Senegal,3,3,33681,0,0,0,1,0,0,틱애
2002,Group stage,Saudi Arabia,0,3,65320,0,0,-3,0,0,0,쭝겨
2002,Group stage,Cameroon,0,2,47085,0,0,-2,0,0,0,쭝겨
2002,Group stage,Korea Republic,1,1,60778,0,0,0,1,0,0,틱애
2002,Group stage,Tunisia,1,1,39700,0,0,0,1,0,0,틱애
2002,Group stage,Portugal,4,0,31000,0,0,4,2,0,0,價적
2002,Group stage,Mexico,2,1,45610,0,0,1,2,0,0,價적
2002,Group stage,Costa Rica,1,1,42299,0,0,0,1,0,0,틱애
2002,Group stage,Japan,1,0,66108,0,0,1,2,0,0,價적
2002,Group stage,South Africa,1,0,47226,0,0,1,2,0,0,價적
2002,Group stage,Italy,1,2,36472,0,0,-1,0,0,0,쭝겨
2002,Group stage,Brazil,4,0,36750,0,0,4,2,0,0,價적
2002,Group stage,Sweden,2,1,36194,0,0,1,2,0,0,價적
2002,Group stage,Spain,3,1,24000,0,0,2,2,0,0,價적
2002,Group stage,Argentina,0,1,35927,0,0,-1,0,0,0,쭝겨
2002,Group stage,Denmark,1,1,43500,0,0,0,1,0,0,틱애
2002,Group stage,Cameroon,1,0,52328,0,0,1,2,0,0,價적
2002,Group stage,France,0,0,38070,1,0,0,1,0,0,틱애
2002,Group stage,Russia,2,0,30957,0,0,2,2,0,0,價적
2002,Group stage,United States,3,2,37306,0,0,1,2,0,0,價적
2002,Group stage,Germany,1,1,35854,0,0,0,1,0,0,틱애
2002,Group stage,China PR,0,2,27217,0,0,-2,0,0,0,쭝겨
2002,Group stage,Japan,2,2,55256,0,0,0,1,0,0,틱애
2002,Group stage,Korea Republic,2,0,48760,0,0,2,2,0,0,價적
2002,Group stage,Croatia,0,1,32239,1,0,-1,0,0,0,쭝겨
2002,Group stage,Brazil,2,1,33842,0,0,1,2,0,0,價적
2002,Group stage,Italy,2,0,31081,0,0,2,2,0,0,價적
2002,Group stage,Argentina,1,0,34050,0,0,1,2,0,0,價적
2002,Group stage,Paraguay,2,2,25186,0,0,0,1,0,0,틱애
2002,Group stage,England,1,1,52721,0,0,0,1,0,0,틱애
2002,Group stage,Spain,3,1,28588,0,0,2,2,0,0,價적
2002,Group stage,Republic of Ireland,1,1,33679,0,0,0,1,0,0,틱애
2002,Group stage,Uruguay,1,2,30157,0,0,-1,0,0,0,쭝겨
2002,Group stage,France,0,1,62561,0,0,-1,0,0,0,쭝겨
1998,Final,Brazil,0,3,80000,0,0,-3,0,1,0,쭝겨
1998,Third-place match,Netherlands,1,2,44000,0,0,-1,0,0,0,쭝겨
1998,Semi-finals,France,2,1,80000,1,0,1,2,0,1,價적
1998,Semi-finals,Brazil,1,1,60000,0,0,0,1,0,0,틱애
1998,Quarter-finals,Netherlands,2,1,60000,0,0,1,2,1,0,價적
1998,Quarter-finals,Germany,0,3,43300,1,0,-3,0,1,0,쭝겨
1998,Quarter-finals,Italy,0,0,80000,0,0,0,1,1,0,틱애
1998,Quarter-finals,Brazil,3,2,49500,0,0,1,2,1,0,價적
1998,Round of 16,Romania,0,1,31800,0,0,-1,0,1,0,쭝겨
1998,Round of 16,Argentina,2,2,30600,0,1,0,1,1,0,틱애
1998,Round of 16,Germany,2,1,29800,0,0,1,2,1,0,價적
1998,Round of 16,Netherlands,2,1,33000,0,0,1,2,1,0,價적
1998,Round of 16,France,1,0,31800,0,0,1,2,1,1,價적
1998,Round of 16,Nigeria,1,4,77000,0,0,-3,0,1,0,쭝겨
1998,Round of 16,Italy,1,0,55000,0,0,1,2,1,0,價적
1998,Round of 16,Brazil,4,1,45500,0,0,3,2,1,0,價적
1998,Group stage,Argentina,1,0,31800,0,0,1,2,0,0,價적
1998,Group stage,Japan,1,2,39100,0,0,-1,0,0,0,쭝겨
1998,Group stage,Romania,1,1,80000,0,0,0,1,0,0,틱애
1998,Group stage,Colombia,0,2,42000,0,0,-2,0,0,0,쭝겨
1998,Group stage,Netherlands,2,2,30600,0,1,0,1,0,0,틱애
1998,Group stage,Belgium,1,1,45500,0,0,0,1,0,0,틱애
1998,Group stage,United States,0,1,38500,0,0,-1,0,0,0,쭝겨
1998,Group stage,Germany,2,0,35500,0,0,2,2,0,0,價적
1998,Group stage,South Africa,2,2,31800,0,0,0,1,0,0,틱애
1998,Group stage,France,2,1,39100,0,0,1,2,0,1,價적
1998,Group stage,Spain,6,1,41275,0,0,5,2,0,0,價적
1998,Group stage,Nigeria,1,3,33400,0,0,-2,0,0,0,쭝겨
1998,Group stage,Italy,2,1,80000,0,0,1,2,0,0,價적
1998,Group stage,Chile,1,1,39500,0,1,0,1,0,0,틱애
1998,Group stage,Brazil,1,2,57000,0,0,-1,0,0,0,쭝겨
1998,Group stage,Scotland,0,3,36000,1,0,-3,0,0,0,쭝겨
1998,Group stage,Colombia,1,0,35500,0,0,1,2,0,0,價적
1998,Group stage,Romania,2,1,33140,0,0,1,2,0,0,價적
1998,Group stage,Germany,2,2,41275,0,0,0,1,0,0,틱애
1998,Group stage,Argentina,5,0,45500,0,0,5,2,0,0,價적
1998,Group stage,United States,1,2,43300,0,0,-1,0,0,0,쭝겨
1998,Group stage,Japan,0,1,35500,0,0,-1,0,0,0,쭝겨
1998,Group stage,Belgium,2,2,31800,1,1,0,1,0,0,틱애
1998,Group stage,Netherlands,5,0,55000,0,0,5,2,0,0,價적
1998,Group stage,Nigeria,1,0,48000,0,0,1,2,0,0,價적
1998,Group stage,Spain,0,0,36000,0,0,0,1,0,0,틱애
1998,Group stage,South Africa,1,1,33500,1,1,0,1,0,0,틱애
1998,Group stage,France,4,0,80000,1,1,4,2,0,1,價적
1998,Group stage,Chile,1,1,36000,0,0,0,1,0,0,틱애
1998,Group stage,Italy,3,0,35500,0,1,3,2,0,0,價적
1998,Group stage,Scotland,1,1,31800,0,0,0,1,0,0,틱애
1998,Group stage,Brazil,3,0,38500,0,0,3,2,0,0,價적
1998,Group stage,England,2,0,54587,0,0,2,2,0,0,價적
1998,Group stage,Romania,1,0,43300,0,0,1,2,0,0,價적
1998,Group stage,Germany,2,0,49000,0,0,2,2,0,0,價적
1998,Group stage,Argentina,1,0,33500,0,0,1,2,0,0,價적
1998,Group stage,FR Yugoslavia,1,0,36000,0,0,1,2,0,0,價적
1998,Group stage,Jamaica,1,3,38100,0,0,-2,0,0,0,쭝겨
1998,Group stage,Spain,2,3,38000,0,0,-1,0,0,0,쭝겨
1998,Group stage,Korea Republic,1,3,39100,1,0,-2,0,0,0,쭝겨
1998,Group stage,Netherlands,0,0,77000,1,0,0,1,0,0,틱애
1998,Group stage,Paraguay,0,0,27650,0,0,0,1,0,0,틱애
1998,Group stage,Saudi Arabia,0,1,38100,0,0,-1,0,0,0,쭝겨
1998,Group stage,France,3,0,55000,0,0,3,2,0,1,價적
1998,Group stage,Italy,2,2,35200,0,0,0,1,0,0,틱애
1998,Group stage,Cameroon,1,1,36500,0,0,0,1,0,0,틱애
1998,Group stage,Brazil,2,1,80000,0,0,1,2,0,0,價적
1998,Group stage,Morocco,2,2,29750,0,0,0,1,0,0,틱애
1994,Final,Brazil,0,0,94194,0,0,0,1,1,0,틱애
1994,Third-place match,Sweden,4,0,91500,0,0,4,2,0,0,價적
1994,Semi-finals,Bulgaria,1,2,74110,0,0,-1,0,0,0,쭝겨
1994,Semi-finals,Sweden,0,1,91856,1,0,-1,0,0,0,쭝겨
1994,Quarter-finals,Bulgaria,2,1,72000,0,0,1,2,1,0,價적
1994,Quarter-finals,Romania,2,2,83500,0,0,0,1,1,0,틱애
1994,Quarter-finals,Italy,2,1,53400,0,0,1,2,1,0,價적
1994,Quarter-finals,Netherlands,2,3,63500,0,0,-1,0,1,0,쭝겨
1994,Round of 16,Nigeria,1,2,54367,0,1,-1,0,1,0,쭝겨
1994,Round of 16,Mexico,1,1,71030,0,0,0,1,1,0,틱애
1994,Round of 16,Netherlands,2,0,61355,0,0,2,2,1,0,價적
1994,Round of 16,Brazil,1,0,84147,1,0,1,2,1,0,價적
1994,Round of 16,Saudi Arabia,1,3,60277,0,0,-2,0,1,0,쭝겨
1994,Round of 16,Romania,3,2,90469,0,0,1,2,1,0,價적
1994,Round of 16,Germany,3,2,60246,0,0,1,2,1,0,價적
1994,Round of 16,Spain,3,0,53121,0,0,3,2,1,0,價적
1994,Group stage,Greece,0,2,53001,0,0,-2,0,0,0,쭝겨
1994,Group stage,Argentina,0,2,63998,0,0,-2,0,0,0,쭝겨
1994,Group stage,Morocco,1,2,60578,0,0,-1,0,0,0,쭝겨
1994,Group stage,Belgium,0,1,52959,0,0,-1,0,0,0,쭝겨
1994,Group stage,Italy,1,1,52535,0,0,0,1,0,0,틱애
1994,Group stage,Republic of Ireland,0,0,72404,0,0,0,1,0,0,틱애
1994,Group stage,Russia,6,1,74914,0,0,5,2,0,0,價적
1994,Group stage,Brazil,1,1,77217,0,0,0,1,0,0,틱애
1994,Group stage,Germany,3,2,63998,0,0,1,2,0,0,價적
1994,Group stage,Bolivia,1,3,63089,0,0,-2,0,0,0,쭝겨
1994,Group stage,Bulgaria,4,0,63160,0,0,4,2,0,0,價적
1994,Group stage,United States,0,1,93869,0,0,-1,0,0,1,쭝겨
1994,Group stage,Switzerland,0,2,83401,0,0,-2,0,0,0,쭝겨
1994,Group stage,Belgium,1,0,62387,0,0,1,2,0,0,價적
1994,Group stage,Saudi Arabia,2,1,76322,0,0,1,2,0,0,價적
1994,Group stage,Argentina,2,1,54453,0,0,1,2,0,0,價적
1994,Group stage,Mexico,2,1,60790,0,0,1,2,0,0,價적
1994,Group stage,Brazil,3,0,83401,0,1,3,2,0,0,價적
1994,Group stage,Sweden,3,1,71528,0,0,2,2,0,0,價적
1994,Group stage,Italy,1,0,74624,1,0,1,2,0,0,價적
1994,Group stage,Korea Republic,0,0,54453,0,0,0,1,0,0,틱애
1994,Group stage,Romania,1,4,61428,1,0,-3,0,0,0,쭝겨
1994,Group stage,United States,2,1,93869,0,0,1,2,0,1,價적
1994,Group stage,Argentina,4,0,54456,0,0,4,2,0,0,價적
1994,Group stage,Germany,1,1,63113,0,0,0,1,0,0,틱애
1994,Group stage,Nigeria,3,0,44132,0,0,3,2,0,0,價적
1994,Group stage,Brazil,2,0,81061,0,0,2,2,0,0,價적
1994,Group stage,Netherlands,2,1,50535,0,0,1,2,0,0,價적
1994,Group stage,Belgium,1,0,61219,0,0,1,2,0,0,價적
1994,Group stage,Norway,1,0,52395,0,0,1,2,0,0,價적
1994,Group stage,Cameroon,2,2,93194,0,0,0,1,0,0,틱애
1994,Group stage,United States,1,1,73425,0,0,0,1,0,1,틱애
1994,Group stage,Italy,0,1,75338,0,0,-1,0,0,0,쭝겨
1994,Group stage,Colombia,1,3,91856,0,0,-2,0,0,0,쭝겨
1994,Group stage,Germany,1,0,63117,0,1,1,2,0,0,價적
1994,Group stage,Spain,2,2,56247,1,0,0,1,0,0,틱애
1990,Final,West Germany,1,0,73603,0,1,1,2,1,0,價적
1990,Third-place match,Italy,2,1,51426,0,0,1,2,0,1,價적
1990,Semi-finals,West Germany,1,1,62628,0,0,0,1,0,0,틱애
1990,Semi-finals,Italy,1,1,59978,0,0,0,1,0,1,틱애
1990,Quarter-finals,West Germany,1,0,73347,0,1,1,2,1,0,價적
1990,Quarter-finals,England,3,2,55205,0,0,1,2,1,0,價적
1990,Quarter-finals,Yugoslavia,0,0,38971,1,0,0,1,1,0,틱애
1990,Quarter-finals,Italy,1,0,73303,0,0,1,2,1,1,價적
1990,Round of 16,Spain,1,2,35500,0,0,-1,0,1,0,쭝겨
1990,Round of 16,England,1,0,34520,0,0,1,2,1,0,價적
1990,Round of 16,Republic of Ireland,0,0,31818,0,0,0,1,1,0,틱애
1990,Round of 16,Italy,2,0,73303,0,0,2,2,1,1,價적
1990,Round of 16,Brazil,0,1,61381,1,0,-1,0,1,0,쭝겨
1990,Round of 16,West Germany,2,1,74559,1,1,1,2,1,0,價적
1990,Round of 16,Cameroon,2,1,50026,0,0,1,2,1,0,價적
1990,Round of 16,Czechoslovakia,4,1,47673,0,0,3,2,1,0,價적
1990,Group stage,Belgium,1,2,35950,0,0,-1,0,0,0,쭝겨
1990,Group stage,Korea Republic,0,1,29039,1,0,-1,0,0,0,쭝겨
1990,Group stage,Republic of Ireland,1,1,33288,0,0,0,1,0,0,틱애
1990,Group stage,England,1,0,34959,0,0,1,2,0,0,價적
1990,Group stage,Sweden,1,2,30223,0,0,-1,0,0,0,쭝겨
1990,Group stage,Brazil,1,0,62502,0,0,1,2,0,0,價적
1990,Group stage,West Germany,1,1,72510,0,0,0,1,0,0,틱애
1990,Group stage,Yugoslavia,4,1,27833,0,0,3,2,0,0,價적
1990,Group stage,Austria,2,1,34857,1,0,1,2,0,0,價적
1990,Group stage,Italy,2,0,73303,0,0,2,2,0,1,價적
1990,Group stage,Argentina,1,1,52733,0,0,0,1,0,0,틱애
1990,Group stage,Cameroon,0,4,37307,0,0,-4,0,0,0,쭝겨
1990,Group stage,Republic of Ireland,0,0,33288,0,0,0,1,0,0,틱애
1990,Group stage,Belgium,3,1,33759,0,0,2,2,0,0,價적
1990,Group stage,Korea Republic,1,3,32733,0,0,-2,0,0,0,쭝겨
1990,Group stage,Brazil,1,0,58007,0,0,1,2,0,0,價적
1990,Group stage,England,0,0,35267,0,0,0,1,0,0,틱애
1990,Group stage,Sweden,1,2,31823,0,0,-1,0,0,0,쭝겨
1990,Group stage,Austria,0,1,38962,0,0,-1,0,0,0,쭝겨
1990,Group stage,West Germany,5,1,71169,0,0,4,2,0,0,價적
1990,Group stage,Yugoslavia,1,0,32257,0,0,1,2,0,0,價적
1990,Group stage,Cameroon,2,1,38687,0,0,1,2,0,0,價적
1990,Group stage,Italy,1,0,73423,0,0,1,2,0,1,價적
1990,Group stage,Uruguay,0,0,35713,0,0,0,1,0,0,틱애
1990,Group stage,Argentina,2,0,55759,0,1,2,2,0,0,價적
1990,Group stage,Belgium,2,0,32790,0,0,2,2,0,0,價적
1990,Group stage,Netherlands,1,1,33288,0,0,0,1,0,0,틱애
1990,Group stage,Costa Rica,1,0,30867,0,0,1,2,0,0,價적
1990,Group stage,England,1,1,35238,0,0,0,1,0,0,틱애
1990,Group stage,United States,1,5,33266,1,0,-4,0,0,0,쭝겨
1990,Group stage,West Germany,4,1,74765,0,0,3,2,0,0,價적
1990,Group stage,Brazil,2,1,62628,0,0,1,2,0,0,價적
1990,Group stage,United Arab Emirates,0,2,30791,0,0,-2,0,0,0,쭝겨
1990,Group stage,Soviet Union,0,2,42907,0,0,-2,0,0,0,쭝겨
1990,Group stage,Italy,1,0,73303,0,0,1,2,0,1,價적
1990,Group stage,Argentina,0,1,73780,0,1,-1,0,0,0,쭝겨
1986,Third-place match,France,4,2,21000,0,0,2,2,0,0,價적
1986,Semi-finals,France,0,2,45000,0,0,-2,0,0,0,쭝겨
1986,Quarter-finals,Spain,1,1,45000,0,0,0,1,1,0,틱애
1986,Quarter-finals,Brazil,1,1,65000,0,0,0,1,1,0,틱애
1986,Quarter-finals,West Germany,0,0,41700,1,1,0,1,1,0,틱애
1986,Round of 16,England,3,0,98728,0,0,3,2,1,0,價적
1986,Round of 16,Denmark,1,5,38500,0,0,-4,0,1,0,쭝겨
1986,Round of 16,Italy,0,2,70000,0,0,-2,0,1,0,쭝겨
1986,Round of 16,Morocco,0,1,19800,0,0,-1,0,1,0,쭝겨
1986,Round of 16,Brazil,4,0,45000,0,0,4,2,1,0,價적
1986,Round of 16,Argentina,1,0,26000,0,0,1,2,1,0,價적
1986,Round of 16,Soviet Union,3,4,32277,0,0,-1,0,1,0,쭝겨
1986,Group stage,Scotland,0,0,20000,0,1,0,1,0,0,틱애
1986,Group stage,Denmark,2,0,36000,1,0,2,2,0,0,價적
1986,Group stage,Algeria,0,3,23980,0,0,-3,0,0,0,쭝겨
1986,Group stage,Northern Ireland,0,3,51000,0,0,-3,0,0,0,쭝겨
1986,Group stage,Paraguay,2,2,16000,0,0,0,1,0,0,틱애
1986,Group stage,Iraq,0,1,103763,0,0,-1,0,0,0,쭝겨
1986,Group stage,England,3,0,22700,0,0,3,2,0,0,價적
1986,Group stage,Portugal,1,3,28000,0,0,-2,0,0,0,쭝겨
1986,Group stage,Argentina,2,0,65000,0,0,2,2,0,0,價적
1986,Group stage,Korea Republic,2,3,20000,0,0,-1,0,0,0,쭝겨
1986,Group stage,Soviet Union,2,0,14200,0,0,2,2,0,0,價적
1986,Group stage,Hungary,0,3,31420,0,0,-3,0,0,0,쭝겨
1986,Group stage,West Germany,2,1,30000,0,0,1,2,0,0,價적
1986,Group stage,Iraq,1,2,20000,0,0,-1,0,0,0,쭝겨
1986,Group stage,Denmark,6,1,26500,0,1,5,2,0,0,價적
1986,Group stage,Northern Ireland,1,2,28000,0,0,-1,0,0,0,쭝겨
1986,Group stage,Poland,1,0,19915,0,0,1,2,0,0,價적
1986,Group stage,Brazil,1,0,48000,0,0,1,2,0,0,價적
1986,Group stage,Hungary,2,0,13800,0,1,2,2,0,0,價적
1986,Group stage,England,0,0,20200,1,0,0,1,0,0,틱애
1986,Group stage,Italy,1,1,32000,0,0,0,1,0,0,틱애
1986,Group stage,France,1,1,36540,0,0,0,1,0,0,틱애
1986,Group stage,Korea Republic,1,1,45000,0,0,0,1,0,0,틱애
1986,Group stage,Paraguay,1,0,24000,0,0,1,2,0,0,價적
1986,Group stage,Uruguay,1,1,30500,0,0,0,1,0,0,틱애
1986,Group stage,Scotland,0,1,18000,0,0,-1,0,0,0,쭝겨
1986,Group stage,Algeria,1,1,22000,0,0,0,1,0,0,틱애
1986,Group stage,Portugal,1,0,23000,0,0,1,2,0,0,價적
1986,Group stage,Soviet Union,6,0,16500,0,0,6,2,0,0,價적
1986,Group stage,Argentina,3,1,60000,0,0,2,2,0,0,價적
1986,Group stage,Morocco,0,0,19900,0,0,0,1,0,0,틱애
1986,Group stage,Spain,0,1,35748,0,0,-1,0,0,0,쭝겨
1986,Group stage,Canada,0,1,65500,0,0,-1,0,0,0,쭝겨
1986,Group stage,Bulgaria,1,1,96000,0,0,0,1,0,0,틱애
1982,Final,Italy,3,1,90000,0,0,2,2,1,0,價적
1982,Third-place match,Poland,3,2,28000,0,0,1,2,0,0,價적
1982,Semi-finals,Poland,0,2,50000,0,0,-2,0,0,0,쭝겨
1982,Semi-finals,West Germany,3,3,70000,0,0,0,1,0,0,틱애
1982,Second group stage,Italy,3,2,44000,0,0,1,2,0,0,價적
1982,Second group stage,Spain,0,0,75000,0,0,0,1,0,1,틱애
1982,Second group stage,France,4,1,37000,0,0,3,2,0,0,價적
1982,Second group stage,Poland,0,0,65000,0,0,0,1,0,0,틱애
1982,Second group stage,Argentina,1,3,44000,1,0,-2,0,0,0,쭝겨
1982,Second group stage,West Germany,2,1,90089,0,0,1,2,0,0,價적
1982,Second group stage,Austria,2,2,20000,0,0,0,1,0,0,틱애
1982,Second group stage,Belgium,0,1,45000,0,0,-1,0,0,0,쭝겨
1982,Second group stage,Italy,2,1,43000,0,1,1,2,0,0,價적
1982,Second group stage,West Germany,0,0,75000,0,0,0,1,0,0,틱애
1982,Second group stage,Austria,0,1,37000,0,0,-1,0,0,0,쭝겨
1982,Second group stage,Poland,3,0,65000,0,0,3,2,0,0,價적
1982,First group stage,England,1,0,39700,0,0,1,2,0,0,價적
1982,First group stage,West Germany,1,0,41000,0,0,1,2,0,0,價적
1982,First group stage,Northern Ireland,1,0,49562,1,0,1,2,0,0,價적
1982,First group stage,France,1,1,28000,0,1,0,1,0,0,틱애
1982,First group stage,Algeria,3,2,16000,0,0,1,2,0,0,價적
1982,First group stage,Honduras,0,1,25000,1,0,-1,0,0,0,쭝겨
1982,First group stage,Italy,1,1,20000,0,0,0,1,0,0,틱애
1982,First group stage,Argentina,2,0,32500,0,0,2,2,0,0,價적
1982,First group stage,Brazil,4,0,43000,0,0,4,2,0,0,價적
1982,First group stage,Poland,5,1,25000,0,0,4,2,0,0,價적
1982,First group stage,Belgium,1,1,37000,0,0,0,1,0,0,틱애
1982,First group stage,Soviet Union,2,2,45000,0,0,0,1,0,0,틱애
1982,First group stage,Algeria,0,2,22000,0,0,-2,0,0,0,쭝겨
1982,First group stage,France,4,1,30043,0,0,3,2,0,0,價적
1982,First group stage,Honduras,1,1,15000,0,0,0,1,0,0,틱애
1982,First group stage,West Germany,4,1,42000,0,0,3,2,0,0,價적
1982,First group stage,England,2,0,41123,0,0,2,2,0,0,價적
1982,First group stage,Spain,2,1,48000,0,0,1,2,0,1,價적
1982,First group stage,Poland,0,0,19000,0,0,0,1,0,0,틱애
1982,First group stage,Soviet Union,3,0,19000,0,0,3,2,0,0,價적
1982,First group stage,Belgium,1,0,15000,0,0,1,2,0,0,價적
1982,First group stage,Italy,1,1,25000,0,0,0,1,0,0,틱애
1982,First group stage,Brazil,4,1,47379,0,0,3,2,0,0,價적
1982,First group stage,Argentina,4,1,32093,0,0,3,2,0,0,價적
1982,First group stage,Chile,0,1,22500,0,0,-1,0,0,0,쭝겨
1982,First group stage,Czechoslovakia,1,1,25000,0,0,0,1,0,0,틱애
1982,First group stage,Yugoslavia,0,0,25000,0,0,0,1,0,0,틱애
1982,First group stage,England,3,1,44172,0,0,2,2,0,0,價적
1982,First group stage,West Germany,1,2,42000,0,0,-1,0,0,0,쭝겨
1982,First group stage,Spain,1,1,49562,0,0,0,1,0,1,틱애
1982,First group stage,Peru,0,0,11000,0,0,0,1,0,0,틱애
1982,First group stage,Scotland,5,2,36000,0,0,3,2,0,0,價적
1982,First group stage,Italy,0,0,33000,0,0,0,1,0,0,틱애
1982,First group stage,Brazil,2,1,68000,0,0,1,2,0,0,價적
1982,First group stage,Argentina,0,1,95000,0,0,-1,0,0,0,쭝겨
1978,Final,Argentina,3,1,71483,0,0,2,2,1,1,價적
1978,Third-place match,Brazil,2,1,69659,0,0,1,2,0,0,價적
1978,Second round,Netherlands,2,1,67433,0,0,1,2,0,0,價적
1978,Second round,Austria,3,2,38318,0,0,1,2,0,0,價적
1978,Second round,Brazil,3,1,39586,0,0,2,2,0,0,價적
1978,Second round,Argentina,6,0,37315,0,0,6,2,0,1,價적
1978,Second round,Poland,1,0,35288,0,0,1,2,0,0,價적
1978,Second round,West Germany,2,2,40750,0,1,0,1,0,0,틱애
1978,Second round,Italy,1,0,66695,0,0,1,2,0,0,價적
1978,Second round,Argentina,0,0,37326,0,0,0,1,0,1,틱애
1978,Second round,Netherlands,5,1,25050,0,0,4,2,0,0,價적
1978,Second round,West Germany,0,0,67547,0,0,0,1,0,0,틱애
1978,Second round,Brazil,3,0,31278,0,0,3,2,0,0,價적
1978,Second round,Argentina,2,0,37091,0,0,2,2,0,1,價적
1978,First round,Brazil,1,0,35221,0,0,1,2,0,0,價적
1978,First round,Spain,1,0,42132,0,0,1,2,0,0,價적
1978,First round,Peru,4,1,21262,0,0,3,2,0,0,價적
1978,First round,Scotland,3,2,35130,0,0,1,2,0,0,價적
1978,First round,France,3,1,23127,0,0,2,2,0,0,價적
1978,First round,Poland,3,1,22651,0,0,2,2,0,0,價적
1978,First round,West Germany,0,0,30667,0,0,0,1,0,0,틱애
1978,First round,Italy,1,0,71712,0,0,1,2,0,0,價적
1978,First round,Austria,1,0,41424,0,0,1,2,0,0,價적
1978,First round,Brazil,0,0,34771,0,0,0,1,0,0,틱애
1978,First round,Netherlands,0,0,28125,0,0,0,1,0,0,틱애
1978,First round,Scotland,1,1,7938,0,0,0,1,0,0,틱애
1978,First round,Italy,3,1,26533,0,0,2,2,0,0,價적
1978,First round,West Germany,6,0,35258,0,0,6,2,0,0,價적
1978,First round,Poland,1,0,9624,0,0,1,2,0,0,價적
1978,First round,Argentina,2,1,71666,0,0,1,2,0,1,價적
1978,First round,Sweden,1,1,32569,0,0,0,1,0,0,틱애
1978,First round,Austria,2,1,40841,0,0,1,2,0,0,價적
1978,First round,Peru,3,1,37927,0,0,2,2,0,0,價적
1978,First round,Netherlands,3,0,33431,0,0,3,2,0,0,價적
1978,First round,Italy,2,1,42373,0,0,1,2,0,0,價적
1978,First round,Tunisia,3,1,17396,0,0,2,2,0,0,價적
1978,First round,Argentina,2,1,71615,0,1,1,2,0,1,價적
1978,First round,West Germany,0,0,67579,0,0,0,1,0,0,틱애
1974,Final,Netherlands,1,2,78200,0,0,-1,0,1,0,쭝겨
1974,Third-place match,Brazil,0,1,77100,0,0,-1,0,0,0,쭝겨
1974,Second round,Poland,0,1,62000,0,0,-1,0,0,0,쭝겨
1974,Second round,Netherlands,2,0,53700,0,1,2,2,0,0,價적
1974,Second round,Argentina,1,1,54254,0,0,0,1,0,0,틱애
1974,Second round,Sweden,2,1,41300,0,0,1,2,0,0,價적
1974,Second round,Poland,2,1,58000,0,0,1,2,0,0,價적
1974,Second round,Argentina,1,2,39400,0,0,-1,0,0,0,쭝겨
1974,Second round,Germany DR,0,2,68348,0,0,-2,0,0,0,쭝겨
1974,Second round,West Germany,4,2,67800,0,0,2,2,0,0,價적
1974,Second round,Yugoslavia,0,2,67385,0,0,-2,0,0,0,쭝겨
1974,Second round,Brazil,1,0,59863,0,0,1,2,0,0,價적
1974,Second round,Sweden,0,1,44955,0,0,-1,0,0,0,쭝겨
1974,Second round,Netherlands,4,0,56548,0,0,4,2,0,0,價적
1974,First round,Bulgaria,1,4,53300,0,0,-3,0,0,0,쭝겨
1974,First round,Poland,2,1,70100,0,0,1,2,0,0,價적
1974,First round,Sweden,3,0,28300,0,0,3,2,0,0,價적
1974,First round,Argentina,4,1,25900,0,0,3,2,0,0,價적
1974,First round,Scotland,1,1,56000,0,0,0,1,0,0,틱애
1974,First round,Australia,0,0,17400,1,0,0,1,0,0,틱애
1974,First round,Zaire,0,3,36200,0,0,-3,0,0,0,쭝겨
1974,First round,Germany DR,1,0,60200,0,0,1,2,0,0,價적
1974,First round,Bulgaria,1,1,13400,0,0,0,1,0,0,틱애
1974,First round,Netherlands,0,0,53700,0,0,0,1,0,0,틱애
1974,First round,Argentina,1,1,70100,0,0,0,1,0,0,틱애
1974,First round,Australia,0,3,53300,0,0,-3,0,0,0,쭝겨
1974,First round,Chile,1,1,28300,0,0,0,1,0,0,틱애
1974,First round,Scotland,0,0,62000,0,0,0,1,0,0,틱애
1974,First round,Uruguay,0,2,55100,1,0,-2,0,0,0,쭝겨
1974,First round,Sweden,0,0,23800,0,0,0,1,0,0,틱애
1974,First round,Italy,3,1,53000,0,0,2,2,0,0,價적
1974,First round,Poland,3,2,32700,0,0,1,2,0,0,價적
1974,First round,West Germany,1,0,81100,0,1,1,2,0,0,價적
1974,First round,Germany DR,2,0,17000,0,0,2,2,0,0,價적
1974,First round,Zaire,0,2,27000,0,0,-2,0,0,0,쭝겨
1974,First round,Brazil,0,0,62000,0,0,0,1,0,0,틱애
1970,Third-place match,West Germany,1,0,104403,0,0,1,2,0,0,價적
1970,Semi-finals,Italy,4,3,102444,0,0,1,2,0,0,價적
1970,Semi-finals,Brazil,3,1,51261,0,0,2,2,0,0,價적
1970,Quarter-finals,Brazil,4,2,54233,0,0,2,2,1,0,價적
1970,Quarter-finals,Italy,4,1,26851,0,0,3,2,1,0,價적
1970,Quarter-finals,Uruguay,1,0,26085,0,0,1,2,1,0,價적
1970,Quarter-finals,West Germany,3,2,23357,0,0,1,2,1,0,價적
1970,Group stage,Italy,0,0,9890,0,0,0,1,0,0,틱애
1970,Group stage,Bulgaria,1,1,12299,0,0,0,1,0,0,틱애
1970,Group stage,England,1,0,49292,0,0,1,2,0,0,價적
1970,Group stage,West Germany,3,1,17875,0,0,2,2,0,0,價적
1970,Group stage,Brazil,3,2,50804,0,0,1,2,0,0,價적
1970,Group stage,Sweden,1,0,18163,0,0,1,2,0,0,價적
1970,Group stage,Soviet Union,2,0,89979,0,0,2,2,0,0,價적
1970,Group stage,Mexico,4,0,103058,0,0,4,2,0,1,價적
1970,Group stage,Brazil,1,0,66843,0,0,1,2,0,0,價적
1970,Group stage,West Germany,5,2,12710,0,0,3,2,0,0,價적
1970,Group stage,Sweden,1,1,9624,0,0,0,1,0,0,틱애
1970,Group stage,Romania,2,1,56818,0,0,1,2,0,0,價적
1970,Group stage,Uruguay,0,0,29968,0,0,0,1,0,0,틱애
1970,Group stage,Soviet Union,4,1,95261,0,0,3,2,0,0,價적
1970,Group stage,Peru,3,0,13537,0,0,3,2,0,0,價적
1970,Group stage,Belgium,3,0,92205,0,0,3,2,0,0,價적
1970,Group stage,Brazil,4,1,52897,0,0,3,2,0,0,價적
1970,Group stage,Italy,1,0,13433,0,0,1,2,0,0,價적
1970,Group stage,West Germany,2,1,12942,0,0,1,2,0,0,價적
1970,Group stage,England,1,0,50560,0,0,1,2,0,0,價적
1970,Group stage,Peru,3,2,13765,0,0,1,2,0,0,價적
1970,Group stage,Uruguay,2,0,20654,0,0,2,2,0,0,價적
1966,Final,England,4,2,96924,0,0,2,2,1,1,價적
1966,Third-place match,Portugal,2,1,87696,0,0,1,2,0,0,價적
1966,Semi-finals,England,2,1,94493,0,0,1,2,0,1,價적
1966,Semi-finals,West Germany,2,1,38273,0,1,1,2,0,0,價적
1966,Quarter-finals,Portugal,5,3,40248,0,0,2,2,1,0,價적
1966,Quarter-finals,England,1,0,90584,0,1,1,2,1,1,價적
1966,Quarter-finals,Soviet Union,2,1,26844,0,0,1,2,1,0,價적
1966,Quarter-finals,West Germany,4,0,40007,0,1,4,2,1,0,價적
1966,Group stage,England,2,0,98270,0,0,2,2,0,1,價적
1966,Group stage,Hungary,3,1,24129,0,0,2,2,0,0,價적
1966,Group stage,West Germany,2,1,42187,0,0,1,2,0,0,價적
1966,Group stage,Soviet Union,2,1,16027,0,0,1,2,0,0,價적
1966,Group stage,Uruguay,0,0,61112,0,0,0,1,0,0,틱애
1966,Group stage,Argentina,2,0,32127,0,0,2,2,0,0,價적
1966,Group stage,Portugal,3,1,58479,0,0,2,2,0,0,價적
1966,Group stage,Korea DPR,1,0,17829,0,0,1,2,0,0,價적
1966,Group stage,West Germany,0,0,46587,0,1,0,1,0,0,틱애
1966,Group stage,Soviet Union,1,0,27793,0,0,1,2,0,0,價적
1966,Group stage,Portugal,3,0,25438,0,0,3,2,0,0,價적
1966,Group stage,England,2,0,92570,0,0,2,2,0,1,價적
1966,Group stage,Spain,2,1,32028,0,0,1,2,0,0,價적
1966,Group stage,Uruguay,2,1,45662,0,0,1,2,0,0,價적
1966,Group stage,Hungary,3,1,51387,0,0,2,2,0,0,價적
1966,Group stage,Korea DPR,1,1,13792,0,0,0,1,0,0,틱애
1966,Group stage,Argentina,2,1,42738,0,0,1,2,0,0,價적
1966,Group stage,France,1,1,69237,0,0,0,1,0,0,틱애
1966,Group stage,Italy,2,0,27199,0,0,2,2,0,0,價적
1966,Group stage,Portugal,3,1,29886,0,0,2,2,0,0,價적
1966,Group stage,Brazil,2,0,47308,0,0,2,2,0,0,價적
1966,Group stage,Soviet Union,3,0,23006,0,0,3,2,0,0,價적
1966,Group stage,West Germany,5,0,36127,0,0,5,2,0,0,價적
1966,Group stage,England,0,0,87148,0,0,0,1,0,1,틱애
1962,Final,Brazil,3,1,68679,0,0,2,2,1,0,價적
1962,Third-place match,Chile,1,0,66697,0,0,1,2,0,1,價적
1962,Semi-finals,Brazil,4,2,76594,1,1,2,2,0,0,價적
1962,Semi-finals,Czechoslovakia,3,1,5890,0,0,2,2,0,0,價적
1962,Quarter-finals,Chile,2,1,17268,0,0,1,2,1,1,價적
1962,Quarter-finals,Brazil,3,1,17736,0,0,2,2,1,0,價적
1962,Quarter-finals,Czechoslovakia,1,0,11690,0,0,1,2,1,0,價적
1962,Quarter-finals,Yugoslavia,1,0,63324,0,0,1,2,1,0,價적
1962,Group stage,England,0,0,5700,0,0,0,1,0,0,틱애
1962,Group stage,Mexico,3,1,10648,0,0,2,2,0,0,價적
1962,Group stage,Italy,3,0,59828,0,0,3,2,0,0,價적
1962,Group stage,Yugoslavia,5,0,7167,0,0,5,2,0,0,價적
1962,Group stage,West Germany,2,0,67224,0,0,2,2,0,0,價적
1962,Group stage,Soviet Union,2,1,9973,0,0,1,2,0,0,價적
1962,Group stage,Hungary,0,0,7945,0,0,0,1,0,0,틱애
1962,Group stage,Brazil,2,1,18715,0,0,1,2,0,0,價적
1962,Group stage,Spain,1,0,11875,0,0,1,2,0,0,價적
1962,Group stage,Soviet Union,4,4,8040,0,0,0,1,0,0,틱애
1962,Group stage,Hungary,6,1,7442,0,0,5,2,0,0,價적
1962,Group stage,West Germany,2,1,64922,0,0,1,2,0,0,價적
1962,Group stage,Chile,2,0,66057,0,1,2,2,0,1,價적
1962,Group stage,Brazil,0,0,14903,0,0,0,1,0,0,틱애
1962,Group stage,England,3,1,9794,0,0,2,2,0,0,價적
1962,Group stage,Yugoslavia,3,1,8829,1,1,2,2,0,0,價적
1962,Group stage,West Germany,0,0,65440,0,0,0,1,0,0,틱애
1962,Group stage,Hungary,2,1,7938,0,0,1,2,0,0,價적
1962,Group stage,Czechoslovakia,1,0,12700,0,0,1,2,0,0,價적
1962,Group stage,Soviet Union,2,0,9622,0,0,2,2,0,0,價적
1962,Group stage,Chile,3,1,65006,0,0,2,2,0,1,價적
1962,Group stage,Uruguay,2,1,7908,0,0,1,2,0,0,價적
1962,Group stage,Brazil,2,0,10484,0,0,2,2,0,0,價적
1962,Group stage,Argentina,1,0,7134,0,0,1,2,0,0,價적
1958,Final,Brazil,5,2,49737,0,0,3,2,1,0,價적
1958,Third-place match,France,6,3,32483,0,0,3,2,0,0,價적
1958,Semi-finals,Sweden,3,1,49471,0,1,2,2,0,1,價적
1958,Semi-finals,Brazil,5,2,27100,0,0,3,2,0,0,價적
1958,Quarter-finals,France,4,0,11800,0,0,4,2,1,0,價적
1958,Quarter-finals,West Germany,1,0,20055,0,0,1,2,1,0,價적
1958,Quarter-finals,Brazil,1,0,25923,0,0,1,2,1,0,價적
1958,Quarter-finals,Sweden,2,0,31900,0,0,2,2,1,1,價적
1958,Group stage play-off,Northern Ireland,2,1,6196,0,1,1,2,0,0,價적
1958,Group stage play-off,Wales,2,1,2823,0,1,1,2,0,0,價적
1958,Group stage play-off,Soviet Union,1,0,23182,0,0,1,2,0,0,價적
1958,Group stage,Sweden,0,0,30287,0,0,0,1,0,1,틱애
1958,Group stage,Paraguay,3,3,13103,0,0,0,1,0,0,틱애
1958,Group stage,West Germany,2,2,21990,0,0,0,1,0,0,틱애
1958,Group stage,Czechoslovakia,6,1,16418,0,0,5,2,0,0,價적
1958,Group stage,England,2,2,15872,0,0,0,1,0,0,틱애
1958,Group stage,Brazil,2,0,50928,0,0,2,2,0,0,價적
1958,Group stage,Hungary,4,0,13300,0,0,4,2,0,0,價적
1958,Group stage,France,2,1,13554,0,0,1,2,0,0,價적
1958,Group stage,Sweden,2,1,38850,0,0,1,2,0,1,價적
1958,Group stage,Soviet Union,2,0,21239,0,0,2,2,0,0,價적
1958,Group stage,West Germany,2,2,25000,0,0,0,1,0,0,틱애
1958,Group stage,Argentina,3,1,14174,0,0,2,2,0,0,價적
1958,Group stage,Yugoslavia,3,2,12217,0,0,1,2,0,0,價적
1958,Group stage,Paraguay,3,2,11665,0,0,1,2,0,0,價적
1958,Group stage,Brazil,0,0,40895,0,0,0,1,0,0,틱애
1958,Group stage,Mexico,1,1,15150,0,0,0,1,0,0,틱애
1958,Group stage,Sweden,3,0,34107,0,0,3,2,0,1,價적
1958,Group stage,Northern Ireland,1,0,10647,0,0,1,2,0,0,價적
1958,Group stage,Hungary,1,1,15343,0,0,0,1,0,0,틱애
1958,Group stage,Yugoslavia,1,1,9591,0,0,0,1,0,0,틱애
1958,Group stage,Brazil,3,0,17788,0,0,3,2,0,0,價적
1958,Group stage,Soviet Union,2,2,49348,0,0,0,1,0,0,틱애
1958,Group stage,Argentina,1,3,31156,0,0,-2,0,0,0,쭝겨
1954,Final,Germany,3,2,62500,0,0,1,2,1,0,價적
1954,Third-place match,Austria,3,1,32000,0,0,2,2,0,0,價적
1954,Semi-finals,Hungary,4,2,45000,0,0,2,2,0,0,價적
1954,Semi-finals,Germany,6,1,58000,0,0,5,2,0,0,價적
1954,Quarter-finals,Germany,2,0,17000,0,0,2,2,1,0,價적
1954,Quarter-finals,Hungary,4,2,40000,1,1,2,2,1,0,價적
1954,Quarter-finals,Uruguay,4,2,28000,0,0,2,2,1,0,價적
1954,Group stage play-off,Switzerland,4,1,30000,0,0,3,2,0,1,價적
1954,Group stage,Italy,4,1,24000,0,0,3,2,0,0,價적
1954,Group stage,Switzerland,0,2,43500,0,0,-2,0,0,1,쭝겨
1954,Group stage,Brazil,1,1,24637,0,0,0,1,0,0,틱애
1954,Group stage,Austria,5,0,26000,0,0,5,2,0,0,價적
1954,Group stage,France,3,2,19000,0,0,1,2,0,0,價적
1954,Group stage,Switzerland,2,1,43000,0,0,1,2,0,1,價적
1954,Group stage,Germany,4,1,28000,0,0,3,2,0,0,價적
1954,Group stage,England,4,4,14000,0,0,0,1,0,0,틱애
1954,Group stage,Uruguay,2,0,20500,0,0,2,2,0,0,價적
1954,Group stage,Yugoslavia,1,0,16000,0,0,1,2,0,0,價적
1954,Group stage,Brazil,5,0,13470,0,0,5,2,0,0,價적
1954,Group stage,Austria,1,0,25000,0,0,1,2,0,0,價적
1950,Final stage,Sweden,3,1,11227,0,0,2,2,0,0,價적
1950,Final stage,Uruguay,3,2,7987,0,0,1,2,0,0,價적
1950,Final stage,Uruguay,2,2,44802,0,0,0,1,0,0,틱애
1950,Group stage,Chile,5,2,8501,0,0,3,2,0,0,價적
1950,Group stage,Italy,2,0,25811,0,0,2,2,0,0,價적
1950,Group stage,Spain,1,0,74462,0,0,1,2,0,0,價적
1950,Group stage,Switzerland,2,1,3580,0,0,1,2,0,0,價적
1950,Group stage,Spain,2,0,19790,0,0,2,2,0,0,價적
1950,Group stage,United States,1,0,10151,0,0,1,2,0,0,價적
1950,Group stage,Sweden,2,2,7903,0,0,0,1,0,0,틱애
1950,Group stage,Brazil,2,2,42032,0,0,0,1,0,1,틱애
1950,Group stage,Yugoslavia,4,1,11078,0,0,3,2,0,0,價적
1950,Group stage,Sweden,3,2,36502,0,0,1,2,0,0,價적
1950,Group stage,England,2,0,29703,0,0,2,2,0,0,價적
1950,Group stage,Spain,3,1,9511,0,0,2,2,0,0,價적
1950,Group stage,Yugoslavia,3,0,7336,0,0,3,2,0,0,價적
1950,Group stage,Brazil,4,0,81649,0,0,4,2,0,1,價적
1938,Third-place match,Brazil,4,2,12000,0,0,2,2,0,0,價적
1938,Final,Italy,4,2,45000,0,0,2,2,1,0,價적
1938,Semi-finals,Hungary,5,1,20000,0,0,4,2,0,0,價적
1938,Semi-finals,Italy,2,1,33000,0,0,1,2,0,0,價적
1938,Quarter-finals,Brazil,2,1,18141,0,0,1,2,1,0,價적
1938,Quarter-finals,Brazil,1,1,22021,1,1,0,1,1,0,틱애
1938,Quarter-finals,Hungary,2,0,15000,0,0,2,2,1,0,價적
1938,Quarter-finals,Italy,3,1,58455,0,0,2,2,1,0,價적
1938,Round of 16,Switzerland,4,2,20025,0,0,2,2,1,0,價적
1938,Round of 16,Cuba,2,1,8000,0,0,1,2,1,0,價적
1938,Round of 16,Italy,2,1,19000,0,0,1,2,1,0,價적
1938,Round of 16,Cuba,3,3,7000,0,0,0,1,1,0,틱애
1938,Round of 16,Hungary,6,0,9000,0,0,6,2,1,0,價적
1938,Round of 16,France,3,1,30454,0,0,2,2,1,1,價적
1938,Round of 16,Brazil,6,5,13452,0,0,1,2,1,0,價적
1938,Round of 16,Czechoslovakia,3,0,11000,0,0,3,2,1,0,價적
1938,Round of 16,Switzerland,1,1,27152,0,1,0,1,1,0,틱애
1934,Final,Italy,2,1,55000,0,0,1,2,1,1,價적
1934,Third-place match,Germany,3,2,7000,0,0,1,2,0,0,價적
1934,Semi-finals,Czechoslovakia,3,1,15000,0,0,2,2,0,0,價적
1934,Semi-finals,Italy,1,0,35000,0,0,1,2,0,1,價적
1934,Quarter-finals,Italy,1,0,43000,0,0,1,2,1,1,價적
1934,Quarter-finals,Austria,2,1,23000,0,1,1,2,1,0,價적
1934,Quarter-finals,Czechoslovakia,3,2,12000,0,0,1,2,1,0,價적
1934,Quarter-finals,Italy,1,1,35000,0,0,0,1,1,1,틱애
1934,Quarter-finals,Germany,2,1,3000,0,0,1,2,1,0,價적
1934,Round of 16,Czechoslovakia,2,1,9000,0,0,1,2,1,0,價적
1934,Round of 16,Hungary,4,2,9000,0,0,2,2,1,0,價적
1934,Round of 16,Austria,3,2,16000,0,0,1,2,1,0,價적
1934,Round of 16,Switzerland,3,2,33000,0,0,1,2,1,0,價적
1934,Round of 16,Sweden,3,2,14000,0,0,1,2,1,0,價적
1934,Round of 16,Spain,3,1,21000,0,0,2,2,1,0,價적
1934,Round of 16,Germany,5,2,8000,0,0,3,2,1,0,價적
1930,Final,Uruguay,4,2,68346,0,0,2,2,1,1,價적
1930,Semi-finals,Uruguay,6,1,79867,0,0,5,2,0,1,價적
1930,Semi-finals,Argentina,6,1,72886,0,0,5,2,0,0,價적
1930,Group stage,Argentina,3,1,41459,0,0,2,2,0,0,價적
1930,Group stage,Uruguay,4,0,70022,0,0,4,2,0,1,價적
1930,Group stage,Brazil,4,0,25466,0,0,4,2,0,0,價적
1930,Group stage,Paraguay,1,0,12000,0,0,1,2,0,0,價적
1930,Group stage,Chile,1,0,2000,0,0,1,2,0,0,價적
1930,Group stage,Argentina,6,3,42100,0,0,3,2,0,0,價적
1930,Group stage,Uruguay,1,0,57735,0,0,1,2,0,1,價적
1930,Group stage,Yugoslavia,4,0,18306,0,0,4,2,0,0,價적
1930,Group stage,United States,3,0,18306,0,0,3,2,0,0,價적
1930,Group stage,Chile,3,0,9249,0,0,3,2,0,0,價적
1930,Group stage,Argentina,1,0,23409,0,0,1,2,0,0,價적
1930,Group stage,Yugoslavia,2,1,24059,0,0,1,2,0,0,價적
1930,Group stage,Romania,3,1,2549,0,1,2,2,0,0,價적
1930,Group stage,United States,3,0,18346,0,0,3,2,0,0,價적
1930,Group stage,France,4,1,4444,0,0,3,2,0,0,價적
2022,Final,France,3,3,88966,0,0,0,1,1,0,틱애
2022,Third-place match,Morocco,1,2,44137,0,0,-1,0,0,0,쭝겨
2022,Semi-finals,Morocco,0,2,68294,0,0,-2,0,0,0,쭝겨
2022,Semi-finals,Croatia,0,3,88966,0,0,-3,0,0,0,쭝겨
2022,Quarter-finals,Portugal,0,1,44198,0,0,-1,0,1,0,쭝겨
2022,Quarter-finals,France,2,1,68895,0,0,1,2,1,0,價적
2022,Quarter-finals,Brazil,1,1,43893,0,0,0,1,1,0,틱애
2022,Quarter-finals,Argentina,2,2,88235,0,0,0,1,1,0,틱애
2022,Round of 16,Spain,0,0,44667,0,0,0,1,1,0,틱애
2022,Round of 16,Switzerland,1,6,83720,0,0,-5,0,1,0,쭝겨
2022,Round of 16,Croatia,1,1,42523,0,0,0,1,1,0,틱애
2022,Round of 16,Korea Republic,1,4,43847,0,0,-3,0,1,0,쭝겨
2022,Round of 16,Poland,1,3,40989,0,0,-2,0,1,0,쭝겨
2022,Round of 16,Senegal,0,3,65985,0,0,-3,0,1,0,쭝겨
2022,Round of 16,United States,1,3,44846,0,0,-2,0,1,0,쭝겨
2022,Round of 16,Australia,1,2,45032,0,0,-1,0,1,0,쭝겨
2022,Group stage,Portugal,1,2,44097,0,0,-1,0,0,0,쭝겨
2022,Group stage,Uruguay,2,0,43443,0,0,2,2,0,0,價적
2022,Group stage,Brazil,0,1,85986,0,0,-1,0,0,0,쭝겨
2022,Group stage,Switzerland,3,2,41378,0,0,1,2,0,0,價적
2022,Group stage,Morocco,2,1,43102,0,0,1,2,0,0,價적
2022,Group stage,Belgium,0,0,43984,0,0,0,1,0,0,틱애
2022,Group stage,Germany,4,2,67054,0,0,2,2,0,0,價적
2022,Group stage,Spain,1,2,44851,0,0,-1,0,0,0,쭝겨
2022,Group stage,Denmark,0,1,41232,0,0,-1,0,0,0,쭝겨
2022,Group stage,France,0,1,43627,0,0,-1,0,0,0,쭝겨
2022,Group stage,Mexico,2,1,84985,0,0,1,2,0,0,價적
2022,Group stage,Argentina,2,0,44089,0,0,2,2,0,0,價적
2022,Group stage,Senegal,2,1,44569,0,0,1,2,0,0,價적
2022,Group stage,Qatar,0,2,66784,0,0,-2,0,0,1,쭝겨
2022,Group stage,United States,1,0,42127,0,0,1,2,0,0,價적
2022,Group stage,England,3,0,44297,0,0,3,2,0,0,價적
2022,Group stage,Serbia,3,3,39789,0,0,0,1,0,0,틱애
2022,Group stage,Ghana,3,2,43983,0,1,1,2,0,0,價적
2022,Group stage,Switzerland,0,1,43649,0,0,-1,0,0,0,쭝겨
2022,Group stage,Uruguay,0,2,88668,0,0,-2,0,0,0,쭝겨
2022,Group stage,Costa Rica,1,0,41479,0,0,1,2,0,0,價적
2022,Group stage,Morocco,2,0,43738,0,0,2,2,0,0,價적
2022,Group stage,Canada,1,4,44374,0,0,-3,0,0,0,쭝겨
2022,Group stage,Germany,1,1,68895,0,0,0,1,0,0,틱애
2022,Group stage,Australia,1,0,41823,0,0,1,2,0,0,價적
2022,Group stage,Saudi Arabia,0,2,44259,0,0,-2,0,0,0,쭝겨
2022,Group stage,Denmark,1,2,42860,0,0,-1,0,0,0,쭝겨
2022,Group stage,Mexico,0,2,88966,0,0,-2,0,0,0,쭝겨
2022,Group stage,IR Iran,2,0,40875,0,1,2,2,0,0,價적
2022,Group stage,Senegal,3,1,41797,0,0,2,2,0,0,價적
2022,Group stage,Ecuador,1,1,44833,0,0,0,1,0,0,틱애
2022,Group stage,United States,0,0,68463,0,0,0,1,0,0,틱애
2022,Group stage,Cameroon,0,1,39089,0,0,-1,0,0,0,쭝겨
2022,Group stage,Korea Republic,0,0,41663,0,0,0,1,0,0,틱애
2022,Group stage,Ghana,2,3,42662,0,0,-1,0,0,0,쭝겨
2022,Group stage,Serbia,0,2,88103,0,0,-2,0,0,0,쭝겨
2022,Group stage,Croatia,0,0,59407,0,0,0,1,0,0,틱애
2022,Group stage,Japan,2,1,42608,0,0,1,2,0,0,價적
2022,Group stage,Canada,0,1,40432,0,0,-1,0,0,0,쭝겨
2022,Group stage,Saudi Arabia,2,1,88012,0,0,1,2,0,0,價적
2022,Group stage,Tunisia,0,0,42925,0,0,0,1,0,0,틱애
2022,Group stage,Poland,0,0,39369,0,0,0,1,0,0,틱애
2022,Group stage,Australia,1,4,40875,0,0,-3,0,0,0,쭝겨
2022,Group stage,IR Iran,2,6,45334,0,0,-4,0,0,0,쭝겨
2022,Group stage,Netherlands,2,0,41721,0,0,2,2,0,0,價적
2022,Group stage,Wales,1,1,43418,0,0,0,1,0,0,틱애
2022,Group stage,Ecuador,2,0,67372,0,0,2,2,0,0,價적
2018,Final,Croatia,2,4,78011,0,0,-2,0,1,0,쭝겨
2018,Third-place match,England,0,2,64406,0,0,-2,0,0,0,쭝겨
2018,Semi-finals,England,1,2,78011,0,0,-1,0,0,0,쭝겨
2018,Semi-finals,Belgium,0,1,64286,0,0,-1,0,0,0,쭝겨
2018,Quarter-finals,England,2,0,39991,0,0,2,2,1,0,價적
2018,Quarter-finals,Croatia,2,2,44287,0,0,0,1,1,0,틱애
2018,Quarter-finals,France,2,0,43319,0,0,2,2,1,0,價적
2018,Quarter-finals,Belgium,2,1,42873,0,0,1,2,1,0,價적
2018,Round of 16,Switzerland,0,1,64042,1,0,-1,0,1,0,쭝겨
2018,Round of 16,England,1,1,44190,0,0,0,1,1,0,틱애
2018,Round of 16,Mexico,0,2,41970,0,0,-2,0,1,0,쭝겨
2018,Round of 16,Japan,2,3,41466,0,0,-1,0,1,0,쭝겨
2018,Round of 16,Russia,1,1,78011,0,0,0,1,1,1,틱애
2018,Round of 16,Denmark,1,1,40851,0,0,0,1,1,0,틱애
2018,Round of 16,Argentina,3,4,42873,0,0,-1,0,1,0,쭝겨
2018,Round of 16,Portugal,1,2,44287,0,0,-1,0,1,0,쭝겨
2018,Group stage,Poland,1,0,42189,0,0,1,2,0,0,價적
2018,Group stage,Colombia,1,0,41970,0,0,1,2,0,0,價적
2018,Group stage,Belgium,1,0,33973,0,0,1,2,0,0,價적
2018,Group stage,Tunisia,2,1,37168,0,0,1,2,0,0,價적
2018,Group stage,Germany,0,2,41835,0,0,-2,0,0,0,쭝겨
2018,Group stage,Sweden,3,0,33061,0,0,3,2,0,0,價적
2018,Group stage,Costa Rica,2,2,43319,0,0,0,1,0,0,틱애
2018,Group stage,Brazil,2,0,44190,0,0,2,2,0,0,價적
2018,Group stage,Peru,2,0,44073,0,0,2,2,0,0,價적
2018,Group stage,France,0,0,78011,0,0,0,1,0,0,틱애
2018,Group stage,Croatia,2,1,43472,0,0,1,2,0,0,價적
2018,Group stage,Argentina,2,1,64468,0,0,1,2,0,0,價적
2018,Group stage,Egypt,1,2,36823,0,0,-1,0,0,0,쭝겨
2018,Group stage,Russia,0,3,41970,0,0,-3,0,0,1,쭝겨
2018,Group stage,Morocco,2,2,33973,0,0,0,1,0,0,틱애
2018,Group stage,Portugal,1,1,41685,0,0,0,1,0,0,틱애
2018,Group stage,Panama,1,6,43319,0,0,-5,0,0,0,쭝겨
2018,Group stage,Senegal,2,2,32572,0,0,0,1,0,0,틱애
2018,Group stage,Colombia,3,0,42873,0,0,3,2,0,0,價적
2018,Group stage,Tunisia,2,5,44190,0,0,-3,0,0,0,쭝겨
2018,Group stage,Mexico,2,1,43472,0,0,1,2,0,0,價적
2018,Group stage,Sweden,1,2,44287,0,0,-1,0,0,0,쭝겨
2018,Group stage,Costa Rica,0,2,64468,0,0,-2,0,0,0,쭝겨
2018,Group stage,Iceland,0,2,40904,0,0,-2,0,0,0,쭝겨
2018,Group stage,Switzerland,2,1,33167,0,0,1,2,0,0,價적
2018,Group stage,Australia,1,1,40727,0,0,0,1,0,0,틱애
2018,Group stage,Peru,0,1,32789,0,0,-1,0,0,0,쭝겨
2018,Group stage,Croatia,3,0,43319,0,0,3,2,0,0,價적
2018,Group stage,Morocco,0,1,78011,0,0,-1,0,0,0,쭝겨
2018,Group stage,Saudi Arabia,0,1,42678,0,0,-1,0,0,0,쭝겨
2018,Group stage,Spain,1,0,42718,0,0,1,2,0,0,價적
2018,Group stage,Japan,2,1,40842,0,1,1,2,0,0,價적
2018,Group stage,Senegal,2,1,44190,0,0,1,2,0,0,價적
2018,Group stage,Egypt,1,3,64468,0,0,-2,0,0,0,쭝겨
2018,Group stage,Korea Republic,0,1,42300,0,0,-1,0,0,0,쭝겨
2018,Group stage,Panama,0,3,43257,0,0,-3,0,0,0,쭝겨
2018,Group stage,England,2,1,41064,0,0,1,2,0,0,價적
2018,Group stage,Serbia,1,0,41432,0,0,1,2,0,0,價적
2018,Group stage,Mexico,1,0,78011,0,0,1,2,0,0,價적
2018,Group stage,Switzerland,1,1,43109,0,0,0,1,0,0,틱애
2018,Group stage,Australia,1,2,41279,0,0,-1,0,0,0,쭝겨
2018,Group stage,Iceland,1,1,44190,0,0,0,1,0,0,틱애
2018,Group stage,Denmark,1,0,40502,0,0,1,2,0,0,價적
2018,Group stage,Nigeria,0,2,31136,0,0,-2,0,0,0,쭝겨
2018,Group stage,Uruguay,1,0,27015,0,0,1,2,0,0,價적
2018,Group stage,IR Iran,1,0,62548,0,0,1,2,0,0,價적
2018,Group stage,Spain,3,3,43866,0,0,0,1,0,0,틱애
2018,Group stage,Saudi Arabia,0,5,78011,0,0,-5,0,0,0,쭝겨
2014,Final,Argentina,0,1,74738,0,0,-1,0,1,0,쭝겨
2014,Third-place match,Netherlands,3,0,68034,0,0,3,2,0,0,價적
2014,Semi-finals,Argentina,0,0,63267,0,0,0,1,0,0,틱애
2014,Quarter-finals,Belgium,0,1,68551,0,0,-1,0,1,0,쭝겨
2014,Quarter-finals,Costa Rica,0,0,51179,0,0,0,1,1,0,틱애
2014,Quarter-finals,Germany,1,0,74240,0,0,1,2,1,0,價적
2014,Quarter-finals,Colombia,1,2,60342,0,0,-1,0,1,0,쭝겨
2014,Round of 16,Switzerland,0,1,63255,0,0,-1,0,1,0,쭝겨
2014,Round of 16,United States,1,2,51227,0,0,-1,0,1,0,쭝겨
2014,Round of 16,Nigeria,0,2,67882,0,0,-2,0,1,0,쭝겨
2014,Round of 16,Algeria,1,2,43063,0,0,-1,0,1,0,쭝겨
2014,Round of 16,Mexico,1,2,58817,0,0,-1,0,1,0,쭝겨
2014,Round of 16,Greece,1,1,41242,0,0,0,1,1,0,틱애
2014,Round of 16,Chile,1,1,57714,0,0,0,1,1,0,틱애
2014,Round of 16,Uruguay,0,2,73804,0,0,-2,0,1,0,쭝겨
2014,Group stage,Germany,1,0,41876,0,0,1,2,0,0,價적
2014,Group stage,Ghana,1,2,67540,0,0,-1,0,0,0,쭝겨
2014,Group stage,Belgium,1,0,61397,1,0,1,2,0,0,價적
2014,Group stage,Russia,1,1,39311,0,0,0,1,0,0,틱애
2014,Group stage,IR Iran,1,3,48011,0,0,-2,0,0,0,쭝겨
2014,Group stage,Argentina,3,2,43285,0,0,1,2,0,0,價적
2014,Group stage,Switzerland,3,0,40322,0,0,3,2,0,0,價적
2014,Group stage,France,0,0,73749,0,1,0,1,0,0,틱애
2014,Group stage,England,0,0,57823,0,0,0,1,0,0,틱애
2014,Group stage,Uruguay,1,0,39706,0,1,1,2,0,0,價적
2014,Group stage,Colombia,4,1,40340,0,0,3,2,0,0,價적
2014,Group stage,C?te d'Ivoire,1,2,59095,0,0,-1,0,0,0,쭝겨
2014,Group stage,Spain,3,0,39375,0,0,3,2,0,0,價적
2014,Group stage,Chile,0,2,62996,0,0,-2,0,0,0,쭝겨
2014,Group stage,Mexico,3,1,41212,0,1,2,2,0,0,價적
2014,Group stage,Brazil,4,1,69112,0,0,3,2,0,1,價적
2014,Group stage,Russia,0,1,73819,0,0,-1,0,0,0,쭝겨
2014,Group stage,Algeria,4,2,42732,0,0,2,2,0,0,價적
2014,Group stage,Portugal,2,2,40123,0,0,0,1,0,0,틱애
2014,Group stage,IR Iran,0,1,57698,0,0,-1,0,0,0,쭝겨
2014,Group stage,Ghana,2,2,59621,0,0,0,1,0,0,틱애
2014,Group stage,Bosnia and Herzegovina,0,1,40499,0,0,-1,0,0,0,쭝겨
2014,Group stage,Costa Rica,1,0,40285,0,0,1,2,0,0,價적
2014,Group stage,France,5,2,51003,0,0,3,2,0,0,價적
2014,Group stage,Ecuador,2,1,39224,0,0,1,2,0,0,價적
2014,Group stage,C?te d'Ivoire,1,2,68748,0,0,-1,0,0,0,쭝겨
2014,Group stage,England,1,2,62575,0,0,-1,0,0,0,쭝겨
2014,Group stage,Greece,0,0,39485,0,0,0,1,0,0,틱애
2014,Group stage,Netherlands,3,2,42877,0,0,1,2,0,0,價적
2014,Group stage,Chile,2,0,74101,0,0,2,2,0,0,價적
2014,Group stage,Croatia,4,0,39982,0,1,4,2,0,0,價적
2014,Group stage,Algeria,1,2,56800,0,0,-1,0,0,0,쭝겨
2014,Group stage,Mexico,0,0,60342,0,0,0,1,0,0,틱애
2014,Group stage,Korea Republic,1,1,37603,0,0,0,1,0,0,틱애
2014,Group stage,Portugal,0,4,51081,1,0,-4,0,0,0,쭝겨
2014,Group stage,Nigeria,0,0,39081,0,0,0,1,0,0,틱애
2014,Group stage,United States,2,1,39760,0,0,1,2,0,0,價적
2014,Group stage,Ecuador,1,2,68351,0,0,-1,0,0,0,쭝겨
2014,Group stage,Honduras,0,3,43012,0,0,-3,0,0,0,쭝겨
2014,Group stage,Bosnia and Herzegovina,1,2,74738,0,0,-1,0,0,0,쭝겨
2014,Group stage,Greece,0,3,57174,0,0,-3,0,0,0,쭝겨
2014,Group stage,Costa Rica,3,1,58679,0,1,2,2,0,0,價적
2014,Group stage,Italy,2,1,39800,0,0,1,2,0,0,價적
2014,Group stage,Japan,1,2,40267,0,0,-1,0,0,0,쭝겨
2014,Group stage,Cameroon,0,1,39216,0,0,-1,0,0,0,쭝겨
2014,Group stage,Netherlands,5,1,48173,0,0,4,2,0,0,價적
2014,Group stage,Australia,1,3,40275,0,0,-2,0,0,0,쭝겨
2014,Group stage,Croatia,1,3,62103,0,0,-2,0,0,0,쭝겨
2010,Final,Spain,1,0,84490,0,0,1,2,1,0,價적
2010,Third-place match,Germany,3,2,36254,0,0,1,2,0,0,價적
2010,Semi-finals,Spain,1,0,60960,0,0,1,2,0,0,價적
2010,Semi-finals,Netherlands,3,2,62479,0,0,1,2,0,0,價적
2010,Quarter-finals,Germany,4,0,64100,0,0,4,2,1,0,價적
2010,Quarter-finals,Spain,1,0,55359,0,0,1,2,1,0,價적
2010,Quarter-finals,Brazil,1,2,40186,0,0,-1,0,1,0,쭝겨
2010,Quarter-finals,Ghana,1,1,84017,0,1,0,1,1,0,틱애
2010,Round of 16,Japan,0,0,36742,0,0,0,1,1,0,틱애
2010,Round of 16,Portugal,0,1,62955,1,0,-1,0,1,0,쭝겨
2010,Round of 16,Slovakia,1,2,61962,0,0,-1,0,1,0,쭝겨
2010,Round of 16,Chile,0,3,54096,0,0,-3,0,1,0,쭝겨
2010,Round of 16,England,1,4,40510,0,0,-3,0,1,0,쭝겨
2010,Round of 16,Mexico,1,3,84377,0,0,-2,0,1,0,쭝겨
2010,Round of 16,Korea Republic,1,2,30597,0,0,-1,0,1,0,쭝겨
2010,Round of 16,Ghana,2,1,34976,0,0,1,2,1,0,價적
2010,Group stage,Brazil,0,0,62712,0,0,0,1,0,0,틱애
2010,Group stage,C?te d'Ivoire,3,0,34763,0,0,3,2,0,0,價적
2010,Group stage,Spain,2,1,41958,0,0,1,2,0,0,價적
2010,Group stage,Honduras,0,0,28042,0,0,0,1,0,0,틱애
2010,Group stage,New Zealand,0,0,34850,0,0,0,1,0,0,틱애
2010,Group stage,Italy,2,3,53412,0,0,-1,0,0,0,쭝겨
2010,Group stage,Japan,3,1,27967,0,0,2,2,0,0,價적
2010,Group stage,Netherlands,2,1,63093,0,0,1,2,0,0,價적
2010,Group stage,England,1,0,36893,0,0,1,2,0,0,價적
2010,Group stage,Algeria,0,1,35827,0,0,-1,0,0,0,쭝겨
2010,Group stage,Germany,1,0,83391,0,0,1,2,0,0,價적
2010,Group stage,Serbia,1,2,37836,0,0,-1,0,0,0,쭝겨
2010,Group stage,Uruguay,1,0,33425,0,0,1,2,0,0,價적
2010,Group stage,South Africa,2,1,39415,0,1,1,2,0,1,價적
2010,Group stage,Korea Republic,2,2,61874,0,0,0,1,0,0,틱애
2010,Group stage,Argentina,2,0,38891,0,0,2,2,0,0,價적
2010,Group stage,Switzerland,0,1,34872,0,0,-1,0,0,0,쭝겨
2010,Group stage,Honduras,0,2,54386,0,0,-2,0,0,0,쭝겨
2010,Group stage,Paraguay,2,0,26643,0,0,2,2,0,0,價적
2010,Group stage,New Zealand,1,1,38229,0,0,0,1,0,0,틱애
2010,Group stage,C?te d'Ivoire,1,3,84455,0,0,-2,0,0,0,쭝겨
2010,Group stage,Japan,0,1,62010,0,0,-1,0,0,0,쭝겨
2010,Group stage,Australia,1,1,34812,1,0,0,1,0,0,틱애
2010,Group stage,Denmark,2,1,38074,0,0,1,2,0,0,價적
2010,Group stage,Serbia,1,0,38294,0,0,1,2,0,0,價적
2010,Group stage,United States,2,2,45573,0,0,0,1,0,0,틱애
2010,Group stage,Algeria,0,0,64100,0,0,0,1,0,0,틱애
2010,Group stage,Korea Republic,1,4,82174,0,0,-3,0,0,0,쭝겨
2010,Group stage,Nigeria,1,2,31593,0,0,-1,0,0,0,쭝겨
2010,Group stage,Mexico,2,0,35370,0,0,2,2,0,0,價적
2010,Group stage,Chile,1,0,32664,0,0,1,2,0,0,價적
2010,Group stage,Switzerland,1,0,62453,0,0,1,2,0,0,價적
2010,Group stage,Uruguay,3,0,42658,0,0,3,2,0,0,價적
2010,Group stage,Slovakia,1,1,23871,0,0,0,1,0,0,틱애
2010,Group stage,Portugal,0,0,37034,0,0,0,1,0,0,틱애
2010,Group stage,Korea DPR,1,2,54331,0,0,-1,0,0,0,쭝겨
2010,Group stage,Denmark,0,2,83465,0,0,-2,0,0,0,쭝겨
2010,Group stage,Cameroon,0,1,30620,0,0,-1,0,0,0,쭝겨
2010,Group stage,Paraguay,1,1,62869,0,0,0,1,0,0,틱애
2010,Group stage,Slovenia,1,0,30325,0,0,1,2,0,0,價적
2010,Group stage,Ghana,1,0,38833,0,0,1,2,0,0,價적
2010,Group stage,Australia,0,4,62660,1,0,-4,0,0,0,쭝겨
2010,Group stage,Greece,0,2,31513,0,0,-2,0,0,0,쭝겨
2010,Group stage,Nigeria,0,1,55686,0,0,-1,0,0,0,쭝겨
2010,Group stage,United States,1,1,38646,0,0,0,1,0,0,틱애
2010,Group stage,Mexico,1,1,84490,0,0,0,1,0,0,틱애
2010,Group stage,France,0,0,64100,0,1,0,1,0,0,틱애
2006,Final,France,1,1,69000,1,0,0,1,1,0,틱애
2006,Third-place match,Portugal,1,3,52000,0,0,-2,0,0,0,쭝겨
2006,Semi-finals,France,1,0,66000,0,0,1,2,0,0,價적
2006,Semi-finals,Italy,2,0,65000,0,0,2,2,0,0,價적
2006,Quarter-finals,Portugal,0,0,52000,0,1,0,1,1,0,틱애
2006,Quarter-finals,France,1,0,48000,0,0,1,2,1,0,價적
2006,Quarter-finals,Argentina,1,1,72000,0,0,0,1,1,0,틱애
2006,Quarter-finals,Ukraine,0,3,50000,0,0,-3,0,1,0,쭝겨
2006,Round of 16,Ghana,0,3,65000,0,0,-3,0,1,0,쭝겨
2006,Round of 16,France,3,1,43000,0,0,2,2,1,0,價적
2006,Round of 16,Australia,0,1,46000,0,1,-1,0,1,0,쭝겨
2006,Round of 16,Ukraine,0,0,45000,0,0,0,1,1,0,틱애
2006,Round of 16,Ecuador,0,1,52000,0,0,-1,0,1,0,쭝겨
2006,Round of 16,Netherlands,0,1,41000,0,0,-1,0,1,0,쭝겨
2006,Round of 16,Sweden,0,2,66000,0,0,-2,0,1,0,쭝겨
2006,Round of 16,Mexico,1,2,43000,0,0,-1,0,1,0,쭝겨
2006,Group stage,Spain,1,0,46000,0,0,1,2,0,0,價적
2006,Group stage,Tunisia,0,1,72000,0,0,-1,0,0,0,쭝겨
2006,Group stage,France,2,0,45000,0,0,2,2,0,0,價적
2006,Group stage,Korea Republic,0,2,43000,0,0,-2,0,0,0,쭝겨
2006,Group stage,United States,1,2,41000,0,0,-1,0,0,0,쭝겨
2006,Group stage,Italy,2,0,50000,0,0,2,2,0,0,價적
2006,Group stage,Brazil,4,1,65000,0,0,3,2,0,0,價적
2006,Group stage,Australia,2,2,52000,0,0,0,1,0,0,틱애
2006,Group stage,Mexico,1,2,52000,0,0,-1,0,0,0,쭝겨
2006,Group stage,Angola,1,1,38000,0,0,0,1,0,0,틱애
2006,Group stage,Serbia and Montenegro,2,3,66000,0,0,-1,0,0,0,쭝겨
2006,Group stage,Argentina,0,0,48000,0,0,0,1,0,0,틱애
2006,Group stage,Poland,2,1,43000,0,0,1,2,0,0,價적
2006,Group stage,Germany,3,0,72000,0,0,3,2,0,1,價적
2006,Group stage,Trinidad and Tobago,0,2,46000,0,0,-2,0,0,0,쭝겨
2006,Group stage,England,2,2,45000,0,0,0,1,0,0,틱애
2006,Group stage,Switzerland,2,0,65000,0,0,2,2,0,0,價적
2006,Group stage,Ukraine,4,0,50000,0,0,4,2,0,0,價적
2006,Group stage,Tunisia,1,3,52000,0,0,-2,0,0,0,쭝겨
2006,Group stage,Croatia,0,0,41000,0,0,0,1,0,0,틱애
2006,Group stage,Australia,0,2,66000,0,0,-2,0,0,0,쭝겨
2006,Group stage,Korea Republic,1,1,43000,0,0,0,1,0,0,틱애
2006,Group stage,IR Iran,0,2,48000,0,0,-2,0,0,0,쭝겨
2006,Group stage,Ghana,2,0,45000,0,1,2,2,0,0,價적
2006,Group stage,United States,1,1,46000,1,1,0,1,0,0,틱애
2006,Group stage,Serbia and Montenegro,0,6,52000,1,0,-6,0,0,0,쭝겨
2006,Group stage,C?te d'Ivoire,1,2,52000,0,0,-1,0,0,0,쭝겨
2006,Group stage,Angola,0,0,43000,0,0,0,1,0,0,틱애
2006,Group stage,Costa Rica,0,3,50000,0,0,-3,0,0,0,쭝겨
2006,Group stage,Trinidad and Tobago,0,2,41000,0,0,-2,0,0,0,쭝겨
2006,Group stage,Paraguay,0,1,72000,0,0,-1,0,0,0,쭝겨
2006,Group stage,Ukraine,0,4,43000,1,0,-4,0,0,0,쭝겨
2006,Group stage,Saudi Arabia,2,2,66000,0,0,0,1,0,0,틱애
2006,Group stage,Poland,0,1,65000,0,0,-1,0,0,0,쭝겨
2006,Group stage,Togo,1,2,48000,0,0,-1,0,0,0,쭝겨
2006,Group stage,Switzerland,0,0,52000,0,0,0,1,0,0,틱애
2006,Group stage,Croatia,0,1,72000,0,0,-1,0,0,0,쭝겨
2006,Group stage,Japan,1,3,46000,0,0,-2,0,0,0,쭝겨
2006,Group stage,Czech Republic,3,0,52000,0,0,3,2,0,0,價적
2006,Group stage,Ghana,0,2,43000,0,0,-2,0,0,0,쭝겨
2006,Group stage,Netherlands,1,0,37216,0,0,1,2,0,0,價적
2006,Group stage,IR Iran,1,3,41000,0,0,-2,0,0,0,쭝겨
2006,Group stage,Portugal,1,0,45000,0,0,1,2,0,0,價적
2006,Group stage,Paraguay,0,1,48000,0,0,-1,0,0,0,쭝겨
2006,Group stage,Sweden,0,0,62959,0,0,0,1,0,0,틱애
2006,Group stage,C?te d'Ivoire,1,2,49480,0,0,-1,0,0,0,쭝겨
2006,Group stage,Costa Rica,2,4,64950,0,0,-2,0,0,0,쭝겨
2006,Group stage,Ecuador,2,0,52000,0,0,2,2,0,0,價적
2002,Final,Brazil,2,0,69029,0,0,2,2,1,0,價적
2002,Third-place match,T㉨rkiye,3,2,63483,0,0,1,2,0,0,價적
2002,Semi-finals,T㉨rkiye,0,1,61058,0,0,-1,0,0,0,쭝겨
2002,Semi-finals,Korea Republic,0,1,65625,0,0,-1,0,0,0,쭝겨
2002,Quarter-finals,Korea Republic,0,0,42114,0,0,0,1,1,0,틱애
2002,Quarter-finals,T㉨rkiye,1,0,44233,0,0,1,2,1,0,價적
2002,Quarter-finals,Brazil,2,1,47436,1,0,1,2,1,0,價적
2002,Quarter-finals,United States,0,1,37337,0,0,-1,0,1,0,쭝겨
2002,Round of 16,T㉨rkiye,1,0,45666,0,0,1,2,1,0,價적
2002,Round of 16,Italy,1,2,38588,0,0,-1,0,1,0,쭝겨
2002,Round of 16,United States,2,0,36380,0,1,2,2,1,0,價적
2002,Round of 16,Belgium,0,2,40440,0,0,-2,0,1,0,쭝겨
2002,Round of 16,Senegal,2,1,39747,0,0,1,2,1,0,價적
2002,Round of 16,Republic of Ireland,1,1,38926,0,0,0,1,1,0,틱애
2002,Round of 16,Paraguay,0,1,25176,1,0,-1,0,1,0,쭝겨
2002,Round of 16,England,3,0,40582,0,0,3,2,1,0,價적
2002,Group stage,Japan,2,0,45213,0,0,2,2,0,0,價적
2002,Group stage,Russia,2,3,46640,0,0,-1,0,0,0,쭝겨
2002,Group stage,Korea Republic,1,0,50239,0,1,1,2,0,0,價적
2002,Group stage,United States,1,3,26482,0,0,-2,0,0,0,쭝겨
2002,Group stage,Brazil,5,2,38524,0,0,3,2,0,0,價적
2002,Group stage,China PR,0,3,43605,1,0,-3,0,0,0,쭝겨
2002,Group stage,Italy,1,1,39291,0,0,0,1,0,0,틱애
2002,Group stage,Croatia,0,1,65862,0,0,-1,0,0,0,쭝겨
2002,Group stage,Argentina,1,1,45777,0,0,0,1,0,0,틱애
2002,Group stage,England,0,0,44864,0,0,0,1,0,0,틱애
2002,Group stage,Spain,3,2,31024,0,0,1,2,0,0,價적
2002,Group stage,Paraguay,3,1,30176,0,1,2,2,0,0,價적
2002,Group stage,France,0,2,48100,0,0,-2,0,0,0,쭝겨
2002,Group stage,Uruguay,3,3,33681,0,0,0,1,0,0,틱애
2002,Group stage,Republic of Ireland,3,0,65320,0,0,3,2,0,0,價적
2002,Group stage,Germany,2,0,47085,0,0,2,2,0,0,價적
2002,Group stage,United States,1,1,60778,0,0,0,1,0,0,틱애
2002,Group stage,Belgium,1,1,39700,0,0,0,1,0,0,틱애
2002,Group stage,Poland,0,4,31000,0,0,-4,0,0,0,쭝겨
2002,Group stage,Ecuador,1,2,45610,0,0,-1,0,0,0,쭝겨
2002,Group stage,T㉨rkiye,1,1,42299,0,0,0,1,0,0,틱애
2002,Group stage,Russia,0,1,66108,0,0,-1,0,0,0,쭝겨
2002,Group stage,Slovenia,0,1,47226,0,0,-1,0,0,0,쭝겨
2002,Group stage,Croatia,2,1,36472,0,0,1,2,0,0,價적
2002,Group stage,China PR,0,4,36750,0,0,-4,0,0,0,쭝겨
2002,Group stage,Nigeria,1,2,36194,0,0,-1,0,0,0,쭝겨
2002,Group stage,Paraguay,1,3,24000,0,0,-2,0,0,0,쭝겨
2002,Group stage,England,1,0,35927,0,0,1,2,0,0,價적
2002,Group stage,Senegal,1,1,43500,0,0,0,1,0,0,틱애
2002,Group stage,Saudi Arabia,0,1,52328,0,0,-1,0,0,0,쭝겨
2002,Group stage,Uruguay,0,0,38070,0,1,0,1,0,0,틱애
2002,Group stage,Tunisia,0,2,30957,0,0,-2,0,0,0,쭝겨
2002,Group stage,Portugal,2,3,37306,0,0,-1,0,0,0,쭝겨
2002,Group stage,Republic of Ireland,1,1,35854,0,0,0,1,0,0,틱애
2002,Group stage,Costa Rica,2,0,27217,0,0,2,2,0,0,價적
2002,Group stage,Belgium,2,2,55256,0,0,0,1,0,0,틱애
2002,Group stage,Poland,0,2,48760,0,0,-2,0,0,0,쭝겨
2002,Group stage,Mexico,1,0,32239,0,1,1,2,0,0,價적
2002,Group stage,T㉨rkiye,1,2,33842,0,0,-1,0,0,0,쭝겨
2002,Group stage,Ecuador,0,2,31081,0,0,-2,0,0,0,쭝겨
2002,Group stage,Nigeria,0,1,34050,0,0,-1,0,0,0,쭝겨
2002,Group stage,South Africa,2,2,25186,0,0,0,1,0,0,틱애
2002,Group stage,Sweden,1,1,52721,0,0,0,1,0,0,틱애
2002,Group stage,Slovenia,1,3,28588,0,0,-2,0,0,0,쭝겨
2002,Group stage,Cameroon,1,1,33679,0,0,0,1,0,0,틱애
2002,Group stage,Denmark,2,1,30157,0,0,1,2,0,0,價적
2002,Group stage,Senegal,1,0,62561,0,0,1,2,0,0,價적
1998,Final,France,3,0,80000,0,0,3,2,1,1,價적
1998,Third-place match,Croatia,2,1,44000,0,0,1,2,0,0,價적
1998,Semi-finals,Croatia,1,2,80000,0,1,-1,0,0,0,쭝겨
1998,Semi-finals,Netherlands,1,1,60000,0,0,0,1,0,0,틱애
1998,Quarter-finals,Argentina,1,2,60000,0,0,-1,0,1,0,쭝겨
1998,Quarter-finals,Croatia,3,0,43300,0,1,3,2,1,0,價적
1998,Quarter-finals,France,0,0,80000,0,0,0,1,1,1,틱애
1998,Quarter-finals,Denmark,2,3,49500,0,0,-1,0,1,0,쭝겨
1998,Round of 16,Croatia,1,0,31800,0,0,1,2,1,0,價적
1998,Round of 16,England,2,2,30600,1,0,0,1,1,0,틱애
1998,Round of 16,Mexico,1,2,29800,0,0,-1,0,1,0,쭝겨
1998,Round of 16,FR Yugoslavia,1,2,33000,0,0,-1,0,1,0,쭝겨
1998,Round of 16,Paraguay,0,1,31800,0,0,-1,0,1,0,쭝겨
1998,Round of 16,Denmark,4,1,77000,0,0,3,2,1,0,價적
1998,Round of 16,Norway,0,1,55000,0,0,-1,0,1,0,쭝겨
1998,Round of 16,Chile,1,4,45500,0,0,-3,0,1,0,쭝겨
1998,Group stage,Croatia,0,1,31800,0,0,-1,0,0,0,쭝겨
1998,Group stage,Jamaica,2,1,39100,0,0,1,2,0,0,價적
1998,Group stage,Tunisia,1,1,80000,0,0,0,1,0,0,틱애
1998,Group stage,England,2,0,42000,0,0,2,2,0,0,價적
1998,Group stage,Mexico,2,2,30600,1,0,0,1,0,0,틱애
1998,Group stage,Korea Republic,1,1,45500,0,0,0,1,0,0,틱애
1998,Group stage,FR Yugoslavia,1,0,38500,0,0,1,2,0,0,價적
1998,Group stage,IR Iran,0,2,35500,0,0,-2,0,0,0,쭝겨
1998,Group stage,Saudi Arabia,2,2,31800,0,0,0,1,0,0,틱애
1998,Group stage,Denmark,1,2,39100,0,0,-1,0,0,0,쭝겨
1998,Group stage,Bulgaria,1,6,41275,0,0,-5,0,0,0,쭝겨
1998,Group stage,Paraguay,3,1,33400,0,0,2,2,0,0,價적
1998,Group stage,Austria,1,2,80000,0,0,-1,0,0,0,쭝겨
1998,Group stage,Cameroon,1,1,39500,1,0,0,1,0,0,틱애
1998,Group stage,Norway,2,1,57000,0,0,1,2,0,0,價적
1998,Group stage,Morocco,3,0,36000,0,1,3,2,0,0,價적
1998,Group stage,Tunisia,0,1,35500,0,0,-1,0,0,0,쭝겨
1998,Group stage,England,1,2,33140,0,0,-1,0,0,0,쭝겨
1998,Group stage,FR Yugoslavia,2,2,41275,0,0,0,1,0,0,틱애
1998,Group stage,Jamaica,0,5,45500,0,0,-5,0,0,0,쭝겨
1998,Group stage,IR Iran,2,1,43300,0,0,1,2,0,0,價적
1998,Group stage,Croatia,1,0,35500,0,0,1,2,0,0,價적
1998,Group stage,Mexico,2,2,31800,1,1,0,1,0,0,틱애
1998,Group stage,Korea Republic,0,5,55000,0,0,-5,0,0,0,쭝겨
1998,Group stage,Bulgaria,0,1,48000,0,0,-1,0,0,0,쭝겨
1998,Group stage,Paraguay,0,0,36000,0,0,0,1,0,0,틱애
1998,Group stage,Denmark,1,1,33500,1,1,0,1,0,0,틱애
1998,Group stage,Saudi Arabia,0,4,80000,1,1,-4,0,0,0,쭝겨
1998,Group stage,Austria,1,1,36000,0,0,0,1,0,0,틱애
1998,Group stage,Cameroon,0,3,35500,1,0,-3,0,0,0,쭝겨
1998,Group stage,Norway,1,1,31800,0,0,0,1,0,0,틱애
1998,Group stage,Morocco,0,3,38500,0,0,-3,0,0,0,쭝겨
1998,Group stage,Tunisia,0,2,54587,0,0,-2,0,0,0,쭝겨
1998,Group stage,Colombia,0,1,43300,0,0,-1,0,0,0,쭝겨
1998,Group stage,United States,0,2,49000,0,0,-2,0,0,0,쭝겨
1998,Group stage,Japan,0,1,33500,0,0,-1,0,0,0,쭝겨
1998,Group stage,IR Iran,0,1,36000,0,0,-1,0,0,0,쭝겨
1998,Group stage,Croatia,3,1,38100,0,0,2,2,0,0,價적
1998,Group stage,Nigeria,3,2,38000,0,0,1,2,0,0,價적
1998,Group stage,Mexico,3,1,39100,0,1,2,2,0,0,價적
1998,Group stage,Belgium,0,0,77000,0,1,0,1,0,0,틱애
1998,Group stage,Bulgaria,0,0,27650,0,0,0,1,0,0,틱애
1998,Group stage,Denmark,1,0,38100,0,0,1,2,0,0,價적
1998,Group stage,South Africa,0,3,55000,0,0,-3,0,0,0,쭝겨
1998,Group stage,Chile,2,2,35200,0,0,0,1,0,0,틱애
1998,Group stage,Austria,1,1,36500,0,0,0,1,0,0,틱애
1998,Group stage,Scotland,1,2,80000,0,0,-1,0,0,0,쭝겨
1998,Group stage,Norway,2,2,29750,0,0,0,1,0,0,틱애
1994,Final,Italy,0,0,94194,0,0,0,1,1,0,틱애
1994,Third-place match,Bulgaria,0,4,91500,0,0,-4,0,0,0,쭝겨
1994,Semi-finals,Italy,2,1,74110,0,0,1,2,0,0,價적
1994,Semi-finals,Brazil,1,0,91856,0,1,1,2,0,0,價적
1994,Quarter-finals,Germany,1,2,72000,0,0,-1,0,1,0,쭝겨
1994,Quarter-finals,Sweden,2,2,83500,0,0,0,1,1,0,틱애
1994,Quarter-finals,Spain,1,2,53400,0,0,-1,0,1,0,쭝겨
1994,Quarter-finals,Brazil,3,2,63500,0,0,1,2,1,0,價적
1994,Round of 16,Italy,2,1,54367,1,0,1,2,1,0,價적
1994,Round of 16,Bulgaria,1,1,71030,0,0,0,1,1,0,틱애
1994,Round of 16,Republic of Ireland,0,2,61355,0,0,-2,0,1,0,쭝겨
1994,Round of 16,United States,0,1,84147,0,1,-1,0,1,1,쭝겨
1994,Round of 16,Sweden,3,1,60277,0,0,2,2,1,0,價적
1994,Round of 16,Argentina,2,3,90469,0,0,-1,0,1,0,쭝겨
1994,Round of 16,Belgium,2,3,60246,0,0,-1,0,1,0,쭝겨
1994,Round of 16,Switzerland,0,3,53121,0,0,-3,0,1,0,쭝겨
1994,Group stage,Nigeria,2,0,53001,0,0,2,2,0,0,價적
1994,Group stage,Bulgaria,2,0,63998,0,0,2,2,0,0,價적
1994,Group stage,Netherlands,2,1,60578,0,0,1,2,0,0,價적
1994,Group stage,Saudi Arabia,1,0,52959,0,0,1,2,0,0,價적
1994,Group stage,Mexico,1,1,52535,0,0,0,1,0,0,틱애
1994,Group stage,Norway,0,0,72404,0,0,0,1,0,0,틱애
1994,Group stage,Cameroon,1,6,74914,0,0,-5,0,0,0,쭝겨
1994,Group stage,Sweden,1,1,77217,0,0,0,1,0,0,틱애
1994,Group stage,Korea Republic,2,3,63998,0,0,-1,0,0,0,쭝겨
1994,Group stage,Spain,3,1,63089,0,0,2,2,0,0,價적
1994,Group stage,Greece,0,4,63160,0,0,-4,0,0,0,쭝겨
1994,Group stage,Romania,1,0,93869,0,0,1,2,0,0,價적
1994,Group stage,Colombia,2,0,83401,0,0,2,2,0,0,價적
1994,Group stage,Netherlands,0,1,62387,0,0,-1,0,0,0,쭝겨
1994,Group stage,Morocco,1,2,76322,0,0,-1,0,0,0,쭝겨
1994,Group stage,Nigeria,1,2,54453,0,0,-1,0,0,0,쭝겨
1994,Group stage,Republic of Ireland,1,2,60790,0,0,-1,0,0,0,쭝겨
1994,Group stage,Cameroon,0,3,83401,1,0,-3,0,0,0,쭝겨
1994,Group stage,Russia,1,3,71528,0,0,-2,0,0,0,쭝겨
1994,Group stage,Norway,0,1,74624,0,1,-1,0,0,0,쭝겨
1994,Group stage,Bolivia,0,0,54453,0,0,0,1,0,0,틱애
1994,Group stage,Switzerland,4,1,61428,0,1,3,2,0,0,價적
1994,Group stage,Colombia,1,2,93869,0,0,-1,0,0,0,쭝겨
1994,Group stage,Greece,0,4,54456,0,0,-4,0,0,0,쭝겨
1994,Group stage,Spain,1,1,63113,0,0,0,1,0,0,틱애
1994,Group stage,Bulgaria,0,3,44132,0,0,-3,0,0,0,쭝겨
1994,Group stage,Russia,0,2,81061,0,0,-2,0,0,0,쭝겨
1994,Group stage,Saudi Arabia,1,2,50535,0,0,-1,0,0,0,쭝겨
1994,Group stage,Morocco,0,1,61219,0,0,-1,0,0,0,쭝겨
1994,Group stage,Mexico,0,1,52395,0,0,-1,0,0,0,쭝겨
1994,Group stage,Sweden,2,2,93194,0,0,0,1,0,0,틱애
1994,Group stage,Switzerland,1,1,73425,0,0,0,1,0,0,틱애
1994,Group stage,Republic of Ireland,1,0,75338,0,0,1,2,0,0,價적
1994,Group stage,Romania,3,1,91856,0,0,2,2,0,0,價적
1994,Group stage,Bolivia,0,1,63117,1,0,-1,0,0,0,쭝겨
1994,Group stage,Korea Republic,2,2,56247,0,1,0,1,0,0,틱애
1990,Final,Argentina,0,1,73603,1,0,-1,0,1,0,쭝겨
1990,Third-place match,England,1,2,51426,0,0,-1,0,0,0,쭝겨
1990,Semi-finals,England,1,1,62628,0,0,0,1,0,0,틱애
1990,Semi-finals,Argentina,1,1,59978,0,0,0,1,0,0,틱애
1990,Quarter-finals,Czechoslovakia,0,1,73347,1,0,-1,0,1,0,쭝겨
1990,Quarter-finals,Cameroon,2,3,55205,0,0,-1,0,1,0,쭝겨
1990,Quarter-finals,Argentina,0,0,38971,0,1,0,1,1,0,틱애
1990,Quarter-finals,Republic of Ireland,0,1,73303,0,0,-1,0,1,0,쭝겨
1990,Round of 16,Yugoslavia,2,1,35500,0,0,1,2,1,0,價적
1990,Round of 16,Belgium,0,1,34520,0,0,-1,0,1,0,쭝겨
1990,Round of 16,Romania,0,0,31818,0,0,0,1,1,0,틱애
1990,Round of 16,Uruguay,0,2,73303,0,0,-2,0,1,0,쭝겨
1990,Round of 16,Argentina,1,0,61381,0,1,1,2,1,0,價적
1990,Round of 16,Netherlands,1,2,74559,1,1,-1,0,1,0,쭝겨
1990,Round of 16,Colombia,1,2,50026,0,0,-1,0,1,0,쭝겨
1990,Round of 16,Costa Rica,1,4,47673,0,0,-3,0,1,0,쭝겨
1990,Group stage,Spain,2,1,35950,0,0,1,2,0,0,價적
1990,Group stage,Uruguay,1,0,29039,0,1,1,2,0,0,價적
1990,Group stage,Netherlands,1,1,33288,0,0,0,1,0,0,틱애
1990,Group stage,Egypt,0,1,34959,0,0,-1,0,0,0,쭝겨
1990,Group stage,Costa Rica,2,1,30223,0,0,1,2,0,0,價적
1990,Group stage,Scotland,0,1,62502,0,0,-1,0,0,0,쭝겨
1990,Group stage,Colombia,1,1,72510,0,0,0,1,0,0,틱애
1990,Group stage,United Arab Emirates,1,4,27833,0,0,-3,0,0,0,쭝겨
1990,Group stage,United States,1,2,34857,0,1,-1,0,0,0,쭝겨
1990,Group stage,Czechoslovakia,0,2,73303,0,0,-2,0,0,0,쭝겨
1990,Group stage,Romania,1,1,52733,0,0,0,1,0,0,틱애
1990,Group stage,Soviet Union,4,0,37307,0,0,4,2,0,0,價적
1990,Group stage,Egypt,0,0,33288,0,0,0,1,0,0,틱애
1990,Group stage,Uruguay,1,3,33759,0,0,-2,0,0,0,쭝겨
1990,Group stage,Spain,3,1,32733,0,0,2,2,0,0,價적
1990,Group stage,Costa Rica,0,1,58007,0,0,-1,0,0,0,쭝겨
1990,Group stage,Netherlands,0,0,35267,0,0,0,1,0,0,틱애
1990,Group stage,Scotland,2,1,31823,0,0,1,2,0,0,價적
1990,Group stage,Czechoslovakia,1,0,38962,0,0,1,2,0,0,價적
1990,Group stage,United Arab Emirates,1,5,71169,0,0,-4,0,0,0,쭝겨
1990,Group stage,Colombia,0,1,32257,0,0,-1,0,0,0,쭝겨
1990,Group stage,Romania,1,2,38687,0,0,-1,0,0,0,쭝겨
1990,Group stage,United States,0,1,73423,0,0,-1,0,0,0,쭝겨
1990,Group stage,Spain,0,0,35713,0,0,0,1,0,0,틱애
1990,Group stage,Soviet Union,0,2,55759,1,0,-2,0,0,0,쭝겨
1990,Group stage,Korea Republic,0,2,32790,0,0,-2,0,0,0,쭝겨
1990,Group stage,Egypt,1,1,33288,0,0,0,1,0,0,틱애
1990,Group stage,Scotland,0,1,30867,0,0,-1,0,0,0,쭝겨
1990,Group stage,Republic of Ireland,1,1,35238,0,0,0,1,0,0,틱애
1990,Group stage,Czechoslovakia,5,1,33266,0,1,4,2,0,0,價적
1990,Group stage,Yugoslavia,1,4,74765,0,0,-3,0,0,0,쭝겨
1990,Group stage,Sweden,1,2,62628,0,0,-1,0,0,0,쭝겨
1990,Group stage,Colombia,2,0,30791,0,0,2,2,0,0,價적
1990,Group stage,Romania,2,0,42907,0,0,2,2,0,0,價적
1990,Group stage,Austria,0,1,73303,0,0,-1,0,0,0,쭝겨
1990,Group stage,Cameroon,1,0,73780,1,0,1,2,0,0,價적
1986,Third-place match,Belgium,2,4,21000,0,0,-2,0,0,0,쭝겨
1986,Semi-finals,West Germany,2,0,45000,0,0,2,2,0,0,價적
1986,Quarter-finals,Belgium,1,1,45000,0,0,0,1,1,0,틱애
1986,Quarter-finals,France,1,1,65000,0,0,0,1,1,0,틱애
1986,Quarter-finals,Mexico,0,0,41700,1,1,0,1,1,1,틱애
1986,Round of 16,Paraguay,0,3,98728,0,0,-3,0,1,0,쭝겨
1986,Round of 16,Spain,5,1,38500,0,0,4,2,1,0,價적
1986,Round of 16,France,2,0,70000,0,0,2,2,1,0,價적
1986,Round of 16,West Germany,1,0,19800,0,0,1,2,1,0,價적
1986,Round of 16,Poland,0,4,45000,0,0,-4,0,1,0,쭝겨
1986,Round of 16,Uruguay,0,1,26000,0,0,-1,0,1,0,쭝겨
1986,Round of 16,Belgium,4,3,32277,0,0,1,2,1,0,價적
1986,Group stage,Uruguay,0,0,20000,1,0,0,1,0,0,틱애
1986,Group stage,West Germany,0,2,36000,0,1,-2,0,0,0,쭝겨
1986,Group stage,Spain,3,0,23980,0,0,3,2,0,0,價적
1986,Group stage,Brazil,3,0,51000,0,0,3,2,0,0,價적
1986,Group stage,Belgium,2,2,16000,0,0,0,1,0,0,틱애
1986,Group stage,Mexico,1,0,103763,0,0,1,2,0,1,價적
1986,Group stage,Poland,0,3,22700,0,0,-3,0,0,0,쭝겨
1986,Group stage,Morocco,3,1,28000,0,0,2,2,0,0,價적
1986,Group stage,Bulgaria,0,2,65000,0,0,-2,0,0,0,쭝겨
1986,Group stage,Italy,3,2,20000,0,0,1,2,0,0,價적
1986,Group stage,Canada,0,2,14200,0,0,-2,0,0,0,쭝겨
1986,Group stage,France,3,0,31420,0,0,3,2,0,0,價적
1986,Group stage,Scotland,1,2,30000,0,0,-1,0,0,0,쭝겨
1986,Group stage,Belgium,2,1,20000,0,0,1,2,0,0,價적
1986,Group stage,Uruguay,1,6,26500,1,0,-5,0,0,0,쭝겨
1986,Group stage,Spain,2,1,28000,0,0,1,2,0,0,價적
1986,Group stage,Portugal,0,1,19915,0,0,-1,0,0,0,쭝겨
1986,Group stage,Algeria,0,1,48000,0,0,-1,0,0,0,쭝겨
1986,Group stage,Canada,0,2,13800,1,0,-2,0,0,0,쭝겨
1986,Group stage,Morocco,0,0,20200,0,1,0,1,0,0,틱애
1986,Group stage,Argentina,1,1,32000,0,0,0,1,0,0,틱애
1986,Group stage,Soviet Union,1,1,36540,0,0,0,1,0,0,틱애
1986,Group stage,Bulgaria,1,1,45000,0,0,0,1,0,0,틱애
1986,Group stage,Iraq,0,1,24000,0,0,-1,0,0,0,쭝겨
1986,Group stage,West Germany,1,1,30500,0,0,0,1,0,0,틱애
1986,Group stage,Denmark,1,0,18000,0,0,1,2,0,0,價적
1986,Group stage,Northern Ireland,1,1,22000,0,0,0,1,0,0,틱애
1986,Group stage,England,0,1,23000,0,0,-1,0,0,0,쭝겨
1986,Group stage,Hungary,0,6,16500,0,0,-6,0,0,0,쭝겨
1986,Group stage,Korea Republic,1,3,60000,0,0,-2,0,0,0,쭝겨
1986,Group stage,Poland,0,0,19900,0,0,0,1,0,0,틱애
1986,Group stage,Brazil,1,0,35748,0,0,1,2,0,0,價적
1986,Group stage,France,1,0,65500,0,0,1,2,0,0,價적
1986,Group stage,Italy,1,1,96000,0,0,0,1,0,0,틱애
1982,Final,West Germany,1,3,90000,0,0,-2,0,1,0,쭝겨
1982,Third-place match,France,2,3,28000,0,0,-1,0,0,0,쭝겨
1982,Semi-finals,Italy,2,0,50000,0,0,2,2,0,0,價적
1982,Semi-finals,France,3,3,70000,0,0,0,1,0,0,틱애
1982,Second group stage,Brazil,2,3,44000,0,0,-1,0,0,0,쭝겨
1982,Second group stage,England,0,0,75000,0,0,0,1,0,0,틱애
1982,Second group stage,Northern Ireland,1,4,37000,0,0,-3,0,0,0,쭝겨
1982,Second group stage,Soviet Union,0,0,65000,0,0,0,1,0,0,틱애
1982,Second group stage,Brazil,3,1,44000,0,1,2,2,0,0,價적
1982,Second group stage,Spain,1,2,90089,0,0,-1,0,0,1,쭝겨
1982,Second group stage,Northern Ireland,2,2,20000,0,0,0,1,0,0,틱애
1982,Second group stage,Soviet Union,1,0,45000,0,0,1,2,0,0,價적
1982,Second group stage,Argentina,1,2,43000,1,0,-1,0,0,0,쭝겨
1982,Second group stage,England,0,0,75000,0,0,0,1,0,0,틱애
1982,Second group stage,France,1,0,37000,0,0,1,2,0,0,價적
1982,Second group stage,Belgium,0,3,65000,0,0,-3,0,0,0,쭝겨
1982,First group stage,Kuwait,0,1,39700,0,0,-1,0,0,0,쭝겨
1982,First group stage,Austria,0,1,41000,0,0,-1,0,0,0,쭝겨
1982,First group stage,Spain,0,1,49562,0,1,-1,0,0,1,쭝겨
1982,First group stage,Czechoslovakia,1,1,28000,1,0,0,1,0,0,틱애
1982,First group stage,Chile,2,3,16000,0,0,-1,0,0,0,쭝겨
1982,First group stage,Yugoslavia,1,0,25000,0,1,1,2,0,0,價적
1982,First group stage,Cameroon,1,1,20000,0,0,0,1,0,0,틱애
1982,First group stage,El Salvador,0,2,32500,0,0,-2,0,0,0,쭝겨
1982,First group stage,New Zealand,0,4,43000,0,0,-4,0,0,0,쭝겨
1982,First group stage,Peru,1,5,25000,0,0,-4,0,0,0,쭝겨
1982,First group stage,Hungary,1,1,37000,0,0,0,1,0,0,틱애
1982,First group stage,Scotland,2,2,45000,0,0,0,1,0,0,틱애
1982,First group stage,Austria,2,0,22000,0,0,2,2,0,0,價적
1982,First group stage,Kuwait,1,4,30043,0,0,-3,0,0,0,쭝겨
1982,First group stage,Northern Ireland,1,1,15000,0,0,0,1,0,0,틱애
1982,First group stage,Chile,1,4,42000,0,0,-3,0,0,0,쭝겨
1982,First group stage,Czechoslovakia,0,2,41123,0,0,-2,0,0,0,쭝겨
1982,First group stage,Yugoslavia,1,2,48000,0,0,-1,0,0,0,쭝겨
1982,First group stage,Cameroon,0,0,19000,0,0,0,1,0,0,틱애
1982,First group stage,New Zealand,0,3,19000,0,0,-3,0,0,0,쭝겨
1982,First group stage,El Salvador,0,1,15000,0,0,-1,0,0,0,쭝겨
1982,First group stage,Peru,1,1,25000,0,0,0,1,0,0,틱애
1982,First group stage,Scotland,1,4,47379,0,0,-3,0,0,0,쭝겨
1982,First group stage,Hungary,1,4,32093,0,0,-3,0,0,0,쭝겨
1982,First group stage,Austria,1,0,22500,0,0,1,2,0,0,價적
1982,First group stage,Kuwait,1,1,25000,0,0,0,1,0,0,틱애
1982,First group stage,Northern Ireland,0,0,25000,0,0,0,1,0,0,틱애
1982,First group stage,France,1,3,44172,0,0,-2,0,0,0,쭝겨
1982,First group stage,Algeria,2,1,42000,0,0,1,2,0,0,價적
1982,First group stage,Honduras,1,1,49562,0,0,0,1,0,0,틱애
1982,First group stage,Cameroon,0,0,11000,0,0,0,1,0,0,틱애
1982,First group stage,New Zealand,2,5,36000,0,0,-3,0,0,0,쭝겨
1982,First group stage,Poland,0,0,33000,0,0,0,1,0,0,틱애
1982,First group stage,Soviet Union,1,2,68000,0,0,-1,0,0,0,쭝겨
1982,First group stage,Belgium,1,0,95000,0,0,1,2,0,0,價적
1978,Final,Netherlands,1,3,71483,0,0,-2,0,1,0,쭝겨
1978,Third-place match,Italy,1,2,69659,0,0,-1,0,0,0,쭝겨
1978,Second round,Italy,1,2,67433,0,0,-1,0,0,0,쭝겨
1978,Second round,West Germany,2,3,38318,0,0,-1,0,0,0,쭝겨
1978,Second round,Poland,1,3,39586,0,0,-2,0,0,0,쭝겨
1978,Second round,Peru,0,6,37315,0,0,-6,0,0,0,쭝겨
1978,Second round,Peru,0,1,35288,0,0,-1,0,0,0,쭝겨
1978,Second round,Netherlands,2,2,40750,1,0,0,1,0,0,틱애
1978,Second round,Austria,0,1,66695,0,0,-1,0,0,0,쭝겨
1978,Second round,Brazil,0,0,37326,0,0,0,1,0,0,틱애
1978,Second round,Austria,1,5,25050,0,0,-4,0,0,0,쭝겨
1978,Second round,Italy,0,0,67547,0,0,0,1,0,0,틱애
1978,Second round,Peru,0,3,31278,0,0,-3,0,0,0,쭝겨
1978,Second round,Poland,0,2,37091,0,0,-2,0,0,0,쭝겨
1978,First round,Austria,0,1,35221,0,0,-1,0,0,0,쭝겨
1978,First round,Sweden,0,1,42132,0,0,-1,0,0,0,쭝겨
1978,First round,IR Iran,1,4,21262,0,0,-3,0,0,0,쭝겨
1978,First round,Netherlands,2,3,35130,0,0,-1,0,0,0,쭝겨
1978,First round,Hungary,1,3,23127,0,0,-2,0,0,0,쭝겨
1978,First round,Mexico,1,3,22651,0,0,-2,0,0,0,쭝겨
1978,First round,Tunisia,0,0,30667,0,0,0,1,0,0,틱애
1978,First round,Argentina,0,1,71712,0,0,-1,0,0,1,쭝겨
1978,First round,Sweden,0,1,41424,0,0,-1,0,0,0,쭝겨
1978,First round,Spain,0,0,34771,0,0,0,1,0,0,틱애
1978,First round,Peru,0,0,28125,0,0,0,1,0,0,틱애
1978,First round,IR Iran,1,1,7938,0,0,0,1,0,0,틱애
1978,First round,Hungary,1,3,26533,0,0,-2,0,0,0,쭝겨
1978,First round,Mexico,0,6,35258,0,0,-6,0,0,0,쭝겨
1978,First round,Tunisia,0,1,9624,0,0,-1,0,0,0,쭝겨
1978,First round,France,1,2,71666,0,0,-1,0,0,0,쭝겨
1978,First round,Brazil,1,1,32569,0,0,0,1,0,0,틱애
1978,First round,Spain,1,2,40841,0,0,-1,0,0,0,쭝겨
1978,First round,Scotland,1,3,37927,0,0,-2,0,0,0,쭝겨
1978,First round,IR Iran,0,3,33431,0,0,-3,0,0,0,쭝겨
1978,First round,France,1,2,42373,0,0,-1,0,0,0,쭝겨
1978,First round,Mexico,1,3,17396,0,0,-2,0,0,0,쭝겨
1978,First round,Hungary,1,2,71615,1,0,-1,0,0,0,쭝겨
1978,First round,Poland,0,0,67579,0,0,0,1,0,0,틱애
1974,Final,West Germany,2,1,78200,0,0,1,2,1,0,價적
1974,Third-place match,Poland,1,0,77100,0,0,1,2,0,0,價적
1974,Second round,West Germany,1,0,62000,0,0,1,2,0,0,價적
1974,Second round,Brazil,0,2,53700,1,0,-2,0,0,0,쭝겨
1974,Second round,Germany DR,1,1,54254,0,0,0,1,0,0,틱애
1974,Second round,Yugoslavia,1,2,41300,0,0,-1,0,0,0,쭝겨
1974,Second round,Yugoslavia,1,2,58000,0,0,-1,0,0,0,쭝겨
1974,Second round,Brazil,2,1,39400,0,0,1,2,0,0,價적
1974,Second round,Netherlands,2,0,68348,0,0,2,2,0,0,價적
1974,Second round,Sweden,2,4,67800,0,0,-2,0,0,0,쭝겨
1974,Second round,West Germany,2,0,67385,0,0,2,2,0,0,價적
1974,Second round,Germany DR,0,1,59863,0,0,-1,0,0,0,쭝겨
1974,Second round,Poland,1,0,44955,0,0,1,2,0,0,價적
1974,Second round,Argentina,0,4,56548,0,0,-4,0,0,0,쭝겨
1974,First round,Netherlands,4,1,53300,0,0,3,2,0,0,價적
1974,First round,Italy,1,2,70100,0,0,-1,0,0,0,쭝겨
1974,First round,Uruguay,0,3,28300,0,0,-3,0,0,0,쭝겨
1974,First round,Haiti,1,4,25900,0,0,-3,0,0,0,쭝겨
1974,First round,Yugoslavia,1,1,56000,0,0,0,1,0,0,틱애
1974,First round,Chile,0,0,17400,0,1,0,1,0,0,틱애
1974,First round,Brazil,3,0,36200,0,0,3,2,0,0,價적
1974,First round,West Germany,0,1,60200,0,0,-1,0,0,0,쭝겨
1974,First round,Uruguay,1,1,13400,0,0,0,1,0,0,틱애
1974,First round,Sweden,0,0,53700,0,0,0,1,0,0,틱애
1974,First round,Italy,1,1,70100,0,0,0,1,0,0,틱애
1974,First round,West Germany,3,0,53300,0,0,3,2,0,0,價적
1974,First round,Germany DR,1,1,28300,0,0,0,1,0,0,틱애
1974,First round,Brazil,0,0,62000,0,0,0,1,0,0,틱애
1974,First round,Netherlands,2,0,55100,0,1,2,2,0,0,價적
1974,First round,Bulgaria,0,0,23800,0,0,0,1,0,0,틱애
1974,First round,Haiti,1,3,53000,0,0,-2,0,0,0,쭝겨
1974,First round,Argentina,2,3,32700,0,0,-1,0,0,0,쭝겨
1974,First round,Chile,0,1,81100,1,0,-1,0,0,0,쭝겨
1974,First round,Australia,0,2,17000,0,0,-2,0,0,0,쭝겨
1974,First round,Scotland,2,0,27000,0,0,2,2,0,0,價적
1974,First round,Yugoslavia,0,0,62000,0,0,0,1,0,0,틱애
1970,Third-place match,Uruguay,0,1,104403,0,0,-1,0,0,0,쭝겨
1970,Semi-finals,West Germany,3,4,102444,0,0,-1,0,0,0,쭝겨
1970,Semi-finals,Uruguay,1,3,51261,0,0,-2,0,0,0,쭝겨
1970,Quarter-finals,Peru,2,4,54233,0,0,-2,0,1,0,쭝겨
1970,Quarter-finals,Mexico,1,4,26851,0,0,-3,0,1,1,쭝겨
1970,Quarter-finals,Soviet Union,0,1,26085,0,0,-1,0,1,0,쭝겨
1970,Quarter-finals,England,2,3,23357,0,0,-1,0,1,0,쭝겨
1970,Group stage,Israel,0,0,9890,0,0,0,1,0,0,틱애
1970,Group stage,Morocco,1,1,12299,0,0,0,1,0,0,틱애
1970,Group stage,Czechoslovakia,0,1,49292,0,0,-1,0,0,0,쭝겨
1970,Group stage,Peru,1,3,17875,0,0,-2,0,0,0,쭝겨
1970,Group stage,Romania,2,3,50804,0,0,-1,0,0,0,쭝겨
1970,Group stage,Uruguay,0,1,18163,0,0,-1,0,0,0,쭝겨
1970,Group stage,El Salvador,0,2,89979,0,0,-2,0,0,0,쭝겨
1970,Group stage,El Salvador,0,4,103058,0,0,-4,0,0,0,쭝겨
1970,Group stage,England,0,1,66843,0,0,-1,0,0,0,쭝겨
1970,Group stage,Bulgaria,2,5,12710,0,0,-3,0,0,0,쭝겨
1970,Group stage,Israel,1,1,9624,0,0,0,1,0,0,틱애
1970,Group stage,Czechoslovakia,1,2,56818,0,0,-1,0,0,0,쭝겨
1970,Group stage,Italy,0,0,29968,0,0,0,1,0,0,틱애
1970,Group stage,Belgium,1,4,95261,0,0,-3,0,0,0,쭝겨
1970,Group stage,Morocco,0,3,13537,0,0,-3,0,0,0,쭝겨
1970,Group stage,El Salvador,0,3,92205,0,0,-3,0,0,0,쭝겨
1970,Group stage,Czechoslovakia,1,4,52897,0,0,-3,0,0,0,쭝겨
1970,Group stage,Sweden,0,1,13433,0,0,-1,0,0,0,쭝겨
1970,Group stage,Morocco,1,2,12942,0,0,-1,0,0,0,쭝겨
1970,Group stage,Romania,0,1,50560,0,0,-1,0,0,0,쭝겨
1970,Group stage,Bulgaria,2,3,13765,0,0,-1,0,0,0,쭝겨
1970,Group stage,Israel,0,2,20654,0,0,-2,0,0,0,쭝겨
1966,Final,West Germany,2,4,96924,0,0,-2,0,1,0,쭝겨
1966,Third-place match,Soviet Union,1,2,87696,0,0,-1,0,0,0,쭝겨
1966,Semi-finals,Portugal,1,2,94493,0,0,-1,0,0,0,쭝겨
1966,Semi-finals,Soviet Union,1,2,38273,1,0,-1,0,0,0,쭝겨
1966,Quarter-finals,Korea DPR,3,5,40248,0,0,-2,0,1,0,쭝겨
1966,Quarter-finals,Argentina,0,1,90584,1,0,-1,0,1,0,쭝겨
1966,Quarter-finals,Hungary,1,2,26844,0,0,-1,0,1,0,쭝겨
1966,Quarter-finals,Uruguay,0,4,40007,1,0,-4,0,1,0,쭝겨
1966,Group stage,France,0,2,98270,0,0,-2,0,0,0,쭝겨
1966,Group stage,Bulgaria,1,3,24129,0,0,-2,0,0,0,쭝겨
1966,Group stage,Spain,1,2,42187,0,0,-1,0,0,0,쭝겨
1966,Group stage,Chile,1,2,16027,0,0,-1,0,0,0,쭝겨
1966,Group stage,Mexico,0,0,61112,0,0,0,1,0,0,틱애
1966,Group stage,Switzerland,0,2,32127,0,0,-2,0,0,0,쭝겨
1966,Group stage,Brazil,1,3,58479,0,0,-2,0,0,0,쭝겨
1966,Group stage,Italy,0,1,17829,0,0,-1,0,0,0,쭝겨
1966,Group stage,Argentina,0,0,46587,1,0,0,1,0,0,틱애
1966,Group stage,Italy,0,1,27793,0,0,-1,0,0,0,쭝겨
1966,Group stage,Bulgaria,0,3,25438,0,0,-3,0,0,0,쭝겨
1966,Group stage,Mexico,0,2,92570,0,0,-2,0,0,0,쭝겨
1966,Group stage,Switzerland,1,2,32028,0,0,-1,0,0,0,쭝겨
1966,Group stage,France,1,2,45662,0,0,-1,0,0,0,쭝겨
1966,Group stage,Brazil,1,3,51387,0,0,-2,0,0,0,쭝겨
1966,Group stage,Chile,1,1,13792,0,0,0,1,0,0,틱애
1966,Group stage,Spain,1,2,42738,0,0,-1,0,0,0,쭝겨
1966,Group stage,Mexico,1,1,69237,0,0,0,1,0,0,틱애
1966,Group stage,Chile,0,2,27199,0,0,-2,0,0,0,쭝겨
1966,Group stage,Hungary,1,3,29886,0,0,-2,0,0,0,쭝겨
1966,Group stage,Bulgaria,0,2,47308,0,0,-2,0,0,0,쭝겨
1966,Group stage,Korea DPR,0,3,23006,0,0,-3,0,0,0,쭝겨
1966,Group stage,Switzerland,0,5,36127,0,0,-5,0,0,0,쭝겨
1966,Group stage,Uruguay,0,0,87148,0,0,0,1,0,0,틱애
1962,Final,Czechoslovakia,1,3,68679,0,0,-2,0,1,0,쭝겨
1962,Third-place match,Yugoslavia,0,1,66697,0,0,-1,0,0,0,쭝겨
1962,Semi-finals,Chile,2,4,76594,1,1,-2,0,0,1,쭝겨
1962,Semi-finals,Yugoslavia,1,3,5890,0,0,-2,0,0,0,쭝겨
1962,Quarter-finals,Soviet Union,1,2,17268,0,0,-1,0,1,0,쭝겨
1962,Quarter-finals,England,1,3,17736,0,0,-2,0,1,0,쭝겨
1962,Quarter-finals,Hungary,0,1,11690,0,0,-1,0,1,0,쭝겨
1962,Quarter-finals,West Germany,0,1,63324,0,0,-1,0,1,0,쭝겨
1962,Group stage,Bulgaria,0,0,5700,0,0,0,1,0,0,틱애
1962,Group stage,Czechoslovakia,1,3,10648,0,0,-2,0,0,0,쭝겨
1962,Group stage,Switzerland,0,3,59828,0,0,-3,0,0,0,쭝겨
1962,Group stage,Colombia,0,5,7167,0,0,-5,0,0,0,쭝겨
1962,Group stage,Chile,0,2,67224,0,0,-2,0,0,1,쭝겨
1962,Group stage,Uruguay,1,2,9973,0,0,-1,0,0,0,쭝겨
1962,Group stage,Argentina,0,0,7945,0,0,0,1,0,0,틱애
1962,Group stage,Spain,1,2,18715,0,0,-1,0,0,0,쭝겨
1962,Group stage,Mexico,0,1,11875,0,0,-1,0,0,0,쭝겨
1962,Group stage,Colombia,4,4,8040,0,0,0,1,0,0,틱애
1962,Group stage,Bulgaria,1,6,7442,0,0,-5,0,0,0,쭝겨
1962,Group stage,Switzerland,1,2,64922,0,0,-1,0,0,0,쭝겨
1962,Group stage,Italy,0,2,66057,1,0,-2,0,0,0,쭝겨
1962,Group stage,Czechoslovakia,0,0,14903,0,0,0,1,0,0,틱애
1962,Group stage,Argentina,1,3,9794,0,0,-2,0,0,0,쭝겨
1962,Group stage,Uruguay,1,3,8829,1,1,-2,0,0,0,쭝겨
1962,Group stage,Italy,0,0,65440,0,0,0,1,0,0,틱애
1962,Group stage,England,1,2,7938,0,0,-1,0,0,0,쭝겨
1962,Group stage,Spain,0,1,12700,0,0,-1,0,0,0,쭝겨
1962,Group stage,Yugoslavia,0,2,9622,0,0,-2,0,0,0,쭝겨
1962,Group stage,Switzerland,1,3,65006,0,0,-2,0,0,0,쭝겨
1962,Group stage,Colombia,1,2,7908,0,0,-1,0,0,0,쭝겨
1962,Group stage,Mexico,0,2,10484,0,0,-2,0,0,0,쭝겨
1962,Group stage,Bulgaria,0,1,7134,0,0,-1,0,0,0,쭝겨
1958,Final,Sweden,2,5,49737,0,0,-3,0,1,1,쭝겨
1958,Third-place match,West Germany,3,6,32483,0,0,-3,0,0,0,쭝겨
1958,Semi-finals,West Germany,1,3,49471,1,0,-2,0,0,0,쭝겨
1958,Semi-finals,France,2,5,27100,0,0,-3,0,0,0,쭝겨
1958,Quarter-finals,Northern Ireland,0,4,11800,0,0,-4,0,1,0,쭝겨
1958,Quarter-finals,Yugoslavia,0,1,20055,0,0,-1,0,1,0,쭝겨
1958,Quarter-finals,Wales,0,1,25923,0,0,-1,0,1,0,쭝겨
1958,Quarter-finals,Soviet Union,0,2,31900,0,0,-2,0,1,0,쭝겨
1958,Group stage play-off,Czechoslovakia,1,2,6196,1,0,-1,0,0,0,쭝겨
1958,Group stage play-off,Hungary,1,2,2823,1,0,-1,0,0,0,쭝겨
1958,Group stage play-off,England,0,1,23182,0,0,-1,0,0,0,쭝겨
1958,Group stage,Wales,0,0,30287,0,0,0,1,0,0,틱애
1958,Group stage,Yugoslavia,3,3,13103,0,0,0,1,0,0,틱애
1958,Group stage,Northern Ireland,2,2,21990,0,0,0,1,0,0,틱애
1958,Group stage,Argentina,1,6,16418,0,0,-5,0,0,0,쭝겨
1958,Group stage,Austria,2,2,15872,0,0,0,1,0,0,틱애
1958,Group stage,Soviet Union,0,2,50928,0,0,-2,0,0,0,쭝겨
1958,Group stage,Mexico,0,4,13300,0,0,-4,0,0,0,쭝겨
1958,Group stage,Scotland,1,2,13554,0,0,-1,0,0,0,쭝겨
1958,Group stage,Hungary,1,2,38850,0,0,-1,0,0,0,쭝겨
1958,Group stage,Austria,0,2,21239,0,0,-2,0,0,0,쭝겨
1958,Group stage,Czechoslovakia,2,2,25000,0,0,0,1,0,0,틱애
1958,Group stage,Northern Ireland,1,3,14174,0,0,-2,0,0,0,쭝겨
1958,Group stage,France,2,3,12217,0,0,-1,0,0,0,쭝겨
1958,Group stage,Scotland,2,3,11665,0,0,-1,0,0,0,쭝겨
1958,Group stage,England,0,0,40895,0,0,0,1,0,0,틱애
1958,Group stage,Wales,1,1,15150,0,0,0,1,0,0,틱애
1958,Group stage,Mexico,0,3,34107,0,0,-3,0,0,0,쭝겨
1958,Group stage,Czechoslovakia,0,1,10647,0,0,-1,0,0,0,쭝겨
1958,Group stage,Wales,1,1,15343,0,0,0,1,0,0,틱애
1958,Group stage,Scotland,1,1,9591,0,0,0,1,0,0,틱애
1958,Group stage,Austria,0,3,17788,0,0,-3,0,0,0,쭝겨
1958,Group stage,England,2,2,49348,0,0,0,1,0,0,틱애
1958,Group stage,West Germany,3,1,31156,0,0,2,2,0,0,價적
1954,Final,Hungary,2,3,62500,0,0,-1,0,1,0,쭝겨
1954,Third-place match,Uruguay,1,3,32000,0,0,-2,0,0,0,쭝겨
1954,Semi-finals,Uruguay,2,4,45000,0,0,-2,0,0,0,쭝겨
1954,Semi-finals,Austria,1,6,58000,0,0,-5,0,0,0,쭝겨
1954,Quarter-finals,Yugoslavia,0,2,17000,0,0,-2,0,1,0,쭝겨
1954,Quarter-finals,Brazil,2,4,40000,1,1,-2,0,1,0,쭝겨
1954,Quarter-finals,England,2,4,28000,0,0,-2,0,1,0,쭝겨
1954,Group stage play-off,Italy,1,4,30000,0,0,-3,0,0,0,쭝겨
1954,Group stage,Belgium,1,4,24000,0,0,-3,0,0,0,쭝겨
1954,Group stage,England,2,0,43500,0,0,2,2,0,0,價적
1954,Group stage,Yugoslavia,1,1,24637,0,0,0,1,0,0,틱애
1954,Group stage,Czechoslovakia,0,5,26000,0,0,-5,0,0,0,쭝겨
1954,Group stage,Mexico,2,3,19000,0,0,-1,0,0,0,쭝겨
1954,Group stage,Italy,1,2,43000,0,0,-1,0,0,0,쭝겨
1954,Group stage,T㉨rkiye,1,4,28000,0,0,-3,0,0,0,쭝겨
1954,Group stage,Belgium,4,4,14000,0,0,0,1,0,0,틱애
1954,Group stage,Czechoslovakia,0,2,20500,0,0,-2,0,0,0,쭝겨
1954,Group stage,France,0,1,16000,0,0,-1,0,0,0,쭝겨
1954,Group stage,Mexico,0,5,13470,0,0,-5,0,0,0,쭝겨
1954,Group stage,Scotland,0,1,25000,0,0,-1,0,0,0,쭝겨
1950,Final stage,Spain,1,3,11227,0,0,-2,0,0,0,쭝겨
1950,Final stage,Sweden,2,3,7987,0,0,-1,0,0,0,쭝겨
1950,Final stage,Spain,2,2,44802,0,0,0,1,0,0,틱애
1950,Group stage,United States,2,5,8501,0,0,-3,0,0,0,쭝겨
1950,Group stage,Paraguay,0,2,25811,0,0,-2,0,0,0,쭝겨
1950,Group stage,England,0,1,74462,0,0,-1,0,0,0,쭝겨
1950,Group stage,Mexico,1,2,3580,0,0,-1,0,0,0,쭝겨
1950,Group stage,Chile,0,2,19790,0,0,-2,0,0,0,쭝겨
1950,Group stage,England,0,1,10151,0,0,-1,0,0,0,쭝겨
1950,Group stage,Paraguay,2,2,7903,0,0,0,1,0,0,틱애
1950,Group stage,Switzerland,2,2,42032,0,0,0,1,0,0,틱애
1950,Group stage,Mexico,1,4,11078,0,0,-3,0,0,0,쭝겨
1950,Group stage,Italy,2,3,36502,0,0,-1,0,0,0,쭝겨
1950,Group stage,Chile,0,2,29703,0,0,-2,0,0,0,쭝겨
1950,Group stage,United States,1,3,9511,0,0,-2,0,0,0,쭝겨
1950,Group stage,Switzerland,0,3,7336,0,0,-3,0,0,0,쭝겨
1950,Group stage,Mexico,0,4,81649,0,0,-4,0,0,0,쭝겨
1938,Third-place match,Sweden,2,4,12000,0,0,-2,0,0,0,쭝겨
1938,Final,Hungary,2,4,45000,0,0,-2,0,1,0,쭝겨
1938,Semi-finals,Sweden,1,5,20000,0,0,-4,0,0,0,쭝겨
1938,Semi-finals,Brazil,1,2,33000,0,0,-1,0,0,0,쭝겨
1938,Quarter-finals,Czechoslovakia,1,2,18141,0,0,-1,0,1,0,쭝겨
1938,Quarter-finals,Czechoslovakia,1,1,22021,1,1,0,1,1,0,틱애
1938,Quarter-finals,Switzerland,0,2,15000,0,0,-2,0,1,0,쭝겨
1938,Quarter-finals,France,1,3,58455,0,0,-2,0,1,1,쭝겨
1938,Round of 16,Germany,2,4,20025,0,0,-2,0,1,0,쭝겨
1938,Round of 16,Romania,1,2,8000,0,0,-1,0,1,0,쭝겨
1938,Round of 16,Norway,1,2,19000,0,0,-1,0,1,0,쭝겨
1938,Round of 16,Romania,3,3,7000,0,0,0,1,1,0,틱애
1938,Round of 16,Dutch East Indies,0,6,9000,0,0,-6,0,1,0,쭝겨
1938,Round of 16,Belgium,1,3,30454,0,0,-2,0,1,0,쭝겨
1938,Round of 16,Poland,5,6,13452,0,0,-1,0,1,0,쭝겨
1938,Round of 16,Netherlands,0,3,11000,0,0,-3,0,1,0,쭝겨
1938,Round of 16,Germany,1,1,27152,1,0,0,1,1,0,틱애
1934,Final,Czechoslovakia,1,2,55000,0,0,-1,0,1,0,쭝겨
1934,Third-place match,Austria,2,3,7000,0,0,-1,0,0,0,쭝겨
1934,Semi-finals,Germany,1,3,15000,0,0,-2,0,0,0,쭝겨
1934,Semi-finals,Austria,0,1,35000,0,0,-1,0,0,0,쭝겨
1934,Quarter-finals,Spain,0,1,43000,0,0,-1,0,1,0,쭝겨
1934,Quarter-finals,Hungary,1,2,23000,1,0,-1,0,1,0,쭝겨
1934,Quarter-finals,Switzerland,2,3,12000,0,0,-1,0,1,0,쭝겨
1934,Quarter-finals,Spain,1,1,35000,0,0,0,1,1,0,틱애
1934,Quarter-finals,Sweden,1,2,3000,0,0,-1,0,1,0,쭝겨
1934,Round of 16,Romania,1,2,9000,0,0,-1,0,1,0,쭝겨
1934,Round of 16,Egypt,2,4,9000,0,0,-2,0,1,0,쭝겨
1934,Round of 16,France,2,3,16000,0,0,-1,0,1,0,쭝겨
1934,Round of 16,Netherlands,2,3,33000,0,0,-1,0,1,0,쭝겨
1934,Round of 16,Argentina,2,3,14000,0,0,-1,0,1,0,쭝겨
1934,Round of 16,Brazil,1,3,21000,0,0,-2,0,1,0,쭝겨
1934,Round of 16,Belgium,2,5,8000,0,0,-3,0,1,0,쭝겨
1930,Final,Argentina,2,4,68346,0,0,-2,0,1,0,쭝겨
1930,Semi-finals,Yugoslavia,1,6,79867,0,0,-5,0,0,0,쭝겨
1930,Semi-finals,United States,1,6,72886,0,0,-5,0,0,0,쭝겨
1930,Group stage,Chile,1,3,41459,0,0,-2,0,0,0,쭝겨
1930,Group stage,Romania,0,4,70022,0,0,-4,0,0,0,쭝겨
1930,Group stage,Bolivia,0,4,25466,0,0,-4,0,0,0,쭝겨
1930,Group stage,Belgium,0,1,12000,0,0,-1,0,0,0,쭝겨
1930,Group stage,France,0,1,2000,0,0,-1,0,0,0,쭝겨
1930,Group stage,Mexico,3,6,42100,0,0,-3,0,0,0,쭝겨
1930,Group stage,Peru,0,1,57735,0,0,-1,0,0,0,쭝겨
1930,Group stage,Bolivia,0,4,18306,0,0,-4,0,0,0,쭝겨
1930,Group stage,Paraguay,0,3,18306,0,0,-3,0,0,0,쭝겨
1930,Group stage,Mexico,0,3,9249,0,0,-3,0,0,0,쭝겨
1930,Group stage,France,0,1,23409,0,0,-1,0,0,0,쭝겨
1930,Group stage,Brazil,1,2,24059,0,0,-1,0,0,0,쭝겨
1930,Group stage,Peru,1,3,2549,1,0,-2,0,0,0,쭝겨
1930,Group stage,Belgium,0,3,18346,0,0,-3,0,0,0,쭝겨
1930,Group stage,Mexico,1,4,4444,0,0,-3,0,0,0,쭝겨
